time,enrolled,available,waitlisted,total
2022-05-18T04:38:06,0,0,0,0
2022-05-18T04:48:16,0,0,0,0
2022-05-18T04:58:26,0,0,0,0
2022-05-18T05:08:38,0,0,0,0
2022-05-18T05:18:47,0,0,0,0
2022-05-18T05:28:59,0,0,0,0
2022-05-18T05:39:09,0,0,0,0
2022-05-18T05:49:18,0,0,0,0
2022-05-18T05:59:29,0,0,0,0
2022-05-18T06:09:41,0,0,0,0
2022-05-18T06:19:50,0,0,0,0
2022-05-18T06:29:58,0,0,0,0
2022-05-18T06:40:06,0,0,0,0
2022-05-18T06:50:13,0,0,0,0
2022-05-18T07:00:21,0,0,0,0
2022-05-18T07:10:30,0,0,0,0
2022-05-18T07:20:38,0,0,0,0
2022-05-18T07:30:45,0,0,0,0
2022-05-18T07:40:54,0,0,0,0
2022-05-18T07:51:02,0,0,0,0
2022-05-18T08:01:10,0,0,0,0
2022-05-18T08:11:18,0,0,0,0
2022-05-18T08:21:26,0,0,0,0
2022-05-18T08:31:35,0,0,0,0
2022-05-18T08:41:44,0,0,0,0
2022-05-18T08:51:53,0,0,0,0
2022-05-18T09:02:02,0,0,0,0
2022-05-18T09:12:23,0,0,0,0
2022-05-18T09:22:32,0,0,0,0
2022-05-18T09:32:41,0,0,0,0
2022-05-18T09:42:50,0,0,0,0
2022-05-18T09:53:00,0,0,0,0
2022-05-18T10:03:11,0,0,0,0
2022-05-18T10:13:23,0,0,0,0
2022-05-18T10:23:34,0,0,0,0
2022-05-18T10:33:44,0,0,0,0
2022-05-18T10:44:06,0,0,0,0
2022-05-18T10:54:16,0,0,0,0
2022-05-18T11:04:27,0,0,0,0
2022-05-18T11:14:36,0,0,0,0
2022-05-18T11:24:45,0,0,0,0
2022-05-18T11:34:55,0,0,0,0
2022-05-18T11:45:03,0,0,0,0
2022-05-18T11:55:22,0,0,0,0
2022-05-18T12:05:31,0,0,0,0
2022-05-18T12:15:39,0,0,0,0
2022-05-18T12:25:48,0,0,0,0
2022-05-18T12:35:59,0,0,0,0
2022-05-18T12:46:09,0,0,0,0
2022-05-18T12:56:19,0,0,0,0
2022-05-18T13:06:29,0,0,0,0
2022-05-18T13:16:50,0,0,0,0
2022-05-18T13:27:00,0,0,0,0
2022-05-18T13:37:11,0,0,0,0
2022-05-18T13:47:22,0,0,0,0
2022-05-18T13:57:32,0,0,0,0
2022-05-18T14:07:43,0,0,0,0
2022-05-18T14:17:53,0,0,0,0
2022-05-18T14:28:15,0,0,0,0
2022-05-18T14:38:25,0,0,0,0
2022-05-18T14:48:35,0,0,0,0
2022-05-18T14:58:46,0,0,0,0
2022-05-18T15:08:58,0,0,0,0
2022-05-18T15:19:09,0,0,0,0
2022-05-18T15:29:19,0,0,0,0
2022-05-18T15:39:40,0,0,0,0
2022-05-18T15:49:51,0,0,0,0
2022-05-18T16:00:02,0,0,0,0
2022-05-18T16:10:13,0,0,0,0
2022-05-18T16:20:24,0,0,0,0
2022-05-18T16:30:34,0,0,0,0
2022-05-18T16:40:44,0,0,0,0
2022-05-18T16:50:53,0,0,0,0
2022-05-18T17:01:13,0,0,0,0
2022-05-18T17:11:24,0,0,0,0
2022-05-18T17:21:34,0,0,0,0
2022-05-18T17:31:43,0,0,0,0
2022-05-18T17:41:52,0,0,0,0
2022-05-18T17:52:01,0,0,0,0
2022-05-18T18:02:11,0,0,0,0
2022-05-18T18:12:20,0,0,0,0
2022-05-18T18:22:31,0,0,0,0
2022-05-18T18:32:40,0,0,0,0
2022-05-18T18:43:00,0,0,0,0
2022-05-18T18:53:09,0,0,0,0
2022-05-18T19:03:18,0,0,0,0
2022-05-18T19:13:26,0,0,0,0
2022-05-18T19:23:36,0,0,0,0
2022-05-18T19:33:45,0,0,0,0
2022-05-18T19:43:54,0,0,0,0
2022-05-18T19:54:03,0,0,0,0
2022-05-18T20:04:12,0,0,0,0
2022-05-18T20:14:21,0,0,0,0
2022-05-18T20:24:41,0,0,0,0
2022-05-18T20:34:49,0,0,0,0
2022-05-18T20:44:58,0,0,0,0
2022-05-18T20:55:07,0,0,0,0
2022-05-18T21:05:17,0,0,0,0
2022-05-18T21:15:26,0,0,0,0
2022-05-18T21:25:35,0,0,0,0
2022-05-18T21:35:44,0,0,0,0
2022-05-18T21:45:53,0,0,0,0
2022-05-18T21:56:11,0,0,0,0
2022-05-18T22:06:21,0,0,0,0
2022-05-18T22:16:29,0,0,0,0
2022-05-18T22:26:39,0,0,0,0
2022-05-18T22:36:48,0,0,0,0
2022-05-18T22:46:56,0,0,0,0
2022-05-18T22:57:05,0,0,0,0
2022-05-18T23:07:15,0,0,0,0
2022-05-18T23:17:25,0,0,0,0
2022-05-18T23:27:37,0,0,0,0
2022-05-18T23:37:58,0,0,0,0
2022-05-18T23:48:06,0,0,0,0
2022-05-18T23:58:15,0,0,0,0
2022-05-19T00:08:27,0,0,0,0
2022-05-19T00:18:39,0,0,0,0
2022-05-19T00:28:52,0,0,0,0
2022-05-19T00:39:08,0,0,0,0
2022-05-19T00:49:19,0,0,0,0
2022-05-19T00:59:30,0,0,0,0
2022-05-19T01:09:39,0,0,0,0
2022-05-19T01:19:50,0,0,0,0
2022-05-19T01:29:59,0,0,0,0
2022-05-19T01:40:08,0,0,0,0
2022-05-19T01:50:19,0,0,0,0
2022-05-19T02:00:39,0,0,0,0
2022-05-19T02:10:49,0,0,0,0
2022-05-19T02:20:58,0,0,0,0
2022-05-19T02:31:06,0,0,0,0
2022-05-19T02:41:14,0,0,0,0
2022-05-19T02:51:22,0,0,0,0
2022-05-19T03:01:31,0,0,0,0
2022-05-19T03:11:40,0,0,0,0
2022-05-19T03:21:52,0,0,0,0
2022-05-19T03:32:11,0,0,0,0
2022-05-19T03:42:22,0,0,0,0
2022-05-19T03:52:33,0,0,0,0
2022-05-19T04:02:43,0,0,0,0
2022-05-19T04:28:54,0,0,0,0
2022-05-19T04:40:29,0,0,0,0
2022-05-19T04:50:41,0,0,0,0
2022-05-19T05:00:52,0,0,0,0
2022-05-19T05:11:05,0,0,0,0
2022-05-19T05:21:16,0,0,0,0
2022-05-19T05:31:27,0,0,0,0
2022-05-19T05:41:37,0,0,0,0
2022-05-19T05:51:47,0,0,0,0
2022-05-19T06:01:59,0,0,0,0
2022-05-19T06:12:09,0,0,0,0
2022-05-19T06:22:21,0,0,0,0
2022-05-19T06:32:31,0,0,0,0
2022-05-19T06:42:43,0,0,0,0
2022-05-19T06:52:53,0,0,0,0
2022-05-19T07:03:07,0,0,0,0
2022-05-19T07:13:18,0,0,0,0
2022-05-19T07:23:27,0,0,0,0
2022-05-19T07:33:37,0,0,0,0
2022-05-19T07:43:47,0,0,0,0
2022-05-19T07:53:56,0,0,0,0
2022-05-19T08:04:05,0,0,0,0
2022-05-19T08:14:14,0,0,0,0
2022-05-19T08:24:23,0,0,0,0
2022-05-19T08:34:33,0,0,0,0
2022-05-19T08:44:44,0,0,0,0
2022-05-19T08:54:54,0,0,0,0
2022-05-19T09:05:22,0,0,0,0
2022-05-19T09:15:31,0,0,0,0
2022-05-19T09:25:42,0,0,0,0
2022-05-19T09:35:53,0,0,0,0
2022-05-19T09:46:04,0,0,0,0
2022-05-19T09:56:15,0,0,0,0
2022-05-19T10:06:27,0,0,0,0
2022-05-19T10:16:38,0,0,0,0
2022-05-19T10:26:50,0,0,0,0
