time,subj_course_id,sec_code,sec_id,prof,available,waitlist,total,enrolled_ct
1660735053391,AAS 10,A01,085689,Butler; Elizabeth Annette,0,1,34,34
1660735053391,AAS 10,A02,085690,Butler; Elizabeth Annette,0,3,34,34
1660735053835,AAS 170,A00,085691,Butler; Elizabeth Annette,26,0,32,6
1660735054289,AIP 197,001,085683,Staff,100,0,100,0
1660735054289,AIP 197,002,085684,Rao; Ramesh R,50,0,50,0
1660735054289,AIP 197,003,106411,Toda; Alexis Akira,9999,0,9999,0
1660735054736,AIP 197DC,001,085696,Anderson; Patrick W.,15,0,27,12
1660735055183,AIP 197T,A00,085685,Anderson; Patrick W.,15,0,15,0
1660735055629,ANAR 100,A00,094326,Fortier; Jana,3,0,20,17
1660735056077,ANAR 104,A01,085846,Smith; Neil Gordon,0,6,15,15
1660735056522,ANAR 120,A00,085847,Jones; Ian William Nasser,0,3,15,15
1660735056967,ANAR 143,A00,094288,Staff,3,0,24,21
1660735057412,ANBI 100,A00,085849,Marchetto; Maria Carolina,0,0,24,24
1660735057870,ANBI 112,A00,085850,Marchetto; Maria Carolina,0,12,12,13
1660735057870,ANBI 112,B00,096729,Semendeferi; Ekaterini,0,3,9,9
1660735058766,ANBI 136,A00,085852,Semendeferi; Ekaterini,0,0,20,20
1660735059209,ANBI 141,A00,085854,Gagneux; Pascal,56,0,180,124
1660735059659,ANBI 145,A00,085855,Hrvoj Mihic; Branka,0,1,24,24
1660735060107,ANBI 175,A00,085857,Hrvoj Mihic; Branka,6,0,20,14
1660735060554,ANSC 104,A00,094290,Yeh; Rihan Wen Xin,13,0,46,33
1660735061006,ANSC 105,A00,085859,Olivas Hernandez; Olga Lid,0,2,37,37
1660735061450,ANSC 120,A00,085860,Jassal; Aftab,0,0,34,34
1660735061898,ANSC 121,A00,085861,Sloane; Julia Kathryn,0,7,28,28
1660735062788,ANSC 148,A00,085866,Wilson; Brenda K,7,2,32,25
1660735063235,ANSC 169,A00,085869,Fortier; Jana,5,0,20,15
1660735063680,ANSC 175,A00,085871,Pedersen; David,4,3,28,24
1660735064127,ANTH 1,A00,085803,Varma; Saiba,109,0,146,37
1660735064574,ANTH 2,A01,085805,Wilder; Linnea Lorene,16,0,32,16
1660735064574,ANTH 2,A02,085806,Wilder; Linnea Lorene,26,0,32,6
1660735064574,ANTH 2,A03,085807,Wilder; Linnea Lorene,32,0,32,0
1660735064574,ANTH 2,A04,085808,Wilder; Linnea Lorene,29,0,32,3
1660735064574,ANTH 2,A05,085809,Wilder; Linnea Lorene,28,0,32,4
1660735065027,ANTH 4,A01,085811,Yeh; Rihan Wen Xin,22,0,32,10
1660735065027,ANTH 4,A02,095113,Yeh; Rihan Wen Xin,32,0,32,0
1660735065027,ANTH 4,A03,095114,Yeh; Rihan Wen Xin,32,0,32,0
1660735065027,ANTH 4,A04,095115,Yeh; Rihan Wen Xin,28,0,32,4
1660735065483,ANTH 10,B00,095642,Stewart; Alexander B,123,0,140,17
1660735065945,ANTH 21,A01,085816,Kang; Byung Chu,14,0,32,18
1660735065945,ANTH 21,A02,085817,Kang; Byung Chu,28,0,32,4
1660735065945,ANTH 21,A03,085818,Kang; Byung Chu,28,0,32,4
1660735065945,ANTH 21,A04,085819,Kang; Byung Chu,0,0,32,32
1660735065945,ANTH 21,A05,085820,Kang; Byung Chu,1,0,32,31
1660735065945,ANTH 21,A06,085821,Kang; Byung Chu,0,0,32,32
1660735065945,ANTH 21,A07,085822,Kang; Byung Chu,10,0,32,22
1660735065945,ANTH 21,A08,085823,Kang; Byung Chu,15,0,32,17
1660735065945,ANTH 21,A09,085824,Kang; Byung Chu,0,0,0,0
1660735065945,ANTH 21,A10,085825,Kang; Byung Chu,0,0,0,0
1660735065945,ANTH 21,A11,095111,Kang; Byung Chu,30,0,30,0
1660735065945,ANTH 21,A12,095112,Kang; Byung Chu,30,0,30,0
1660735065945,ANTH 21,B01,085827,Kennemore; Amy Michelle,21,0,32,11
1660735065945,ANTH 21,B02,085828,Kennemore; Amy Michelle,25,0,32,7
1660735065945,ANTH 21,B03,085829,Kennemore; Amy Michelle,27,0,32,5
1660735065945,ANTH 21,B04,085830,Kennemore; Amy Michelle,22,0,32,10
1660735066400,ANTH 23,A01,085832,Stewart; Alexander B,23,0,31,8
1660735066400,ANTH 23,A02,085833,Stewart; Alexander B,31,0,31,0
1660735066400,ANTH 23,A03,085834,Stewart; Alexander B,27,0,31,4
1660735066400,ANTH 23,A04,085835,Stewart; Alexander B,7,0,31,24
1660735066400,ANTH 23,A05,085836,Stewart; Alexander B,18,0,31,13
1660735066400,ANTH 23,A06,085837,Stewart; Alexander B,0,0,0,0
1660735066400,ANTH 23,A07,085838,Stewart; Alexander B,0,0,0,0
1660735066844,ANTH 87,A00,085842,Jordan; David K.,20,0,20,0
1660735066844,ANTH 87,B00,085843,Jordan; David K.,20,0,20,0
1660735067290,ANTH 101,A01,085873,Goldstein; Paul S,12,0,36,24
1660735067290,ANTH 101,A02,085874,Goldstein; Paul S,15,0,32,17
1660735067290,ANTH 101,A03,085875,Goldstein; Paul S,26,0,36,10
1660735067290,ANTH 101,A04,085876,Goldstein; Paul S,17,0,36,19
1660735067735,ANTH 105,A00,085877,Jones; Ian William Nasser,0,1,40,40
1660735068177,ANTH 108,A00,085878,Jones; Ian William Nasser,15,0,32,17
1660735068623,ANTH 192,A00,094234,Kaiser; Bronwyn Nicole & Non; Amy L,16,0,20,4
1660735069070,ANTH 196A,A00,085879,Varma; Saiba,16,0,20,4
1660735069555,AWP 3,001,085697,Staff,10,0,10,0
1660735069555,AWP 3,002,085698,Staff,6,0,10,4
1660735069555,AWP 3,003,085699,Staff,10,0,10,0
1660735069555,AWP 3,004,085700,Staff,10,0,10,0
1660735069555,AWP 3,005,085701,Staff,10,0,10,0
1660735069555,AWP 3,006,085703,Staff,0,0,0,0
1660735069555,AWP 3,007,085704,Staff,10,0,10,0
1660735069555,AWP 3,008,085707,Staff,10,0,10,0
1660735069555,AWP 3,009,085709,Staff,5,0,10,5
1660735069555,AWP 3,010,085710,Staff,9,0,10,1
1660735069555,AWP 3,011,085711,Staff,10,0,10,0
1660735069555,AWP 3,012,085712,Staff,10,0,10,0
1660735069555,AWP 3,013,085713,Staff,10,0,10,0
1660735069555,AWP 3,014,085715,Staff,9,0,10,1
1660735069555,AWP 3,015,085717,Staff,8,0,10,2
1660735069555,AWP 3,016,085719,Staff,10,0,10,0
1660735069555,AWP 3,017,085720,Staff,6,0,10,4
1660735069555,AWP 3,018,085721,Staff,8,0,10,2
1660735069555,AWP 3,019,085722,Staff,10,0,10,0
1660735069555,AWP 3,020,085723,Staff,10,0,10,0
1660735069555,AWP 3,021,085724,Staff,10,0,10,0
1660735069555,AWP 3,022,085725,Staff,9,0,10,1
1660735069555,AWP 3,023,085726,Staff,10,0,10,0
1660735069555,AWP 3,024,085727,Staff,8,0,10,2
1660735069555,AWP 3,025,085728,Staff,10,0,10,0
1660735069555,AWP 3,026,085729,Staff,8,0,10,2
1660735069555,AWP 3,027,085730,Staff,8,0,10,2
1660735069555,AWP 3,028,085731,Staff,9,0,10,1
1660735069555,AWP 3,029,085732,Staff,9,0,10,1
1660735069555,AWP 3,030,085733,Staff,10,0,10,0
1660735069555,AWP 3,031,085734,Staff,10,0,10,0
1660735069555,AWP 3,032,085735,Staff,10,0,10,0
1660735069555,AWP 3,033,085736,Staff,9,0,10,1
1660735069555,AWP 3,034,085737,Staff,8,0,10,2
1660735069555,AWP 3,035,085738,Staff,9,0,10,1
1660735069555,AWP 3,036,085739,Staff,9,0,10,1
1660735069555,AWP 3,037,085740,Staff,9,0,10,1
1660735069555,AWP 3,038,085741,Staff,10,0,10,0
1660735069555,AWP 3,039,085742,Staff,10,0,10,0
1660735069555,AWP 3,040,085743,Staff,8,0,10,2
1660735069555,AWP 3,041,085744,Staff,10,0,10,0
1660735069555,AWP 3,042,085745,Staff,9,0,10,1
1660735069555,AWP 3,043,085746,Staff,10,0,10,0
1660735069555,AWP 3,044,085747,Staff,10,0,10,0
1660735069555,AWP 3,045,085748,Staff,10,0,10,0
1660735069555,AWP 3,046,085749,Staff,3,0,10,7
1660735069555,AWP 3,047,085750,Staff,10,0,10,0
1660735069555,AWP 3,048,085751,Staff,10,0,10,0
1660735069555,AWP 3,049,085752,Staff,10,0,10,0
1660735069555,AWP 3,050,085753,Staff,10,0,10,0
1660735069555,AWP 3,051,085754,Staff,8,0,10,2
1660735069555,AWP 3,052,085755,Staff,10,0,10,0
1660735069555,AWP 3,053,085756,Staff,9,0,10,1
1660735069555,AWP 3,054,085757,Staff,10,0,10,0
1660735069555,AWP 3,055,085758,Staff,0,0,0,0
1660735069555,AWP 3,056,085759,Staff,10,0,10,0
1660735069555,AWP 3,057,085760,Staff,10,0,10,0
1660735069555,AWP 3,058,085761,Staff,9,0,10,1
1660735069555,AWP 3,059,085762,Staff,10,0,10,0
1660735069555,AWP 3,060,085763,Staff,9,0,10,1
1660735069555,AWP 3,061,085764,Staff,10,0,10,0
1660735069555,AWP 3,062,085765,Staff,9,0,10,1
1660735069555,AWP 3,063,085766,Staff,10,0,10,0
1660735069555,AWP 3,064,085767,Staff,7,0,10,3
1660735069555,AWP 3,065,085768,Staff,10,0,10,0
1660735069555,AWP 3,066,085769,Staff,10,0,10,0
1660735069555,AWP 3,067,098423,Staff,10,0,10,0
1660735069555,AWP 3,068,098424,Staff,10,0,10,0
1660735069555,AWP 3,069,098425,Staff,10,0,10,0
1660735069555,AWP 3,070,098426,Staff,10,0,10,0
1660735069555,AWP 3,071,098427,Staff,10,0,10,0
1660735069555,AWP 3,072,098428,Staff,10,0,10,0
1660735069555,AWP 3,073,098429,Staff,10,0,10,0
1660735069555,AWP 3,074,098430,Staff,10,0,10,0
1660735069555,AWP 3,075,098431,Staff,10,0,10,0
1660735069555,AWP 3,076,098432,Staff,10,0,10,0
1660735069555,AWP 3,077,098433,Staff,10,0,10,0
1660735069555,AWP 3,078,098434,Staff,10,0,10,0
1660735069555,AWP 3,079,098435,Staff,10,0,10,0
1660735069555,AWP 3,080,098436,Staff,10,0,10,0
1660735069555,AWP 3,081,098437,Staff,10,0,10,0
1660735069555,AWP 3,082,098438,Staff,10,0,10,0
1660735069555,AWP 3,083,098439,Staff,10,0,10,0
1660735069555,AWP 3,084,098440,Staff,10,0,10,0
1660735070002,AWP 4A,003,085772,Staff,0,0,0,3
1660735070002,AWP 4A,004,085773,Staff,0,0,0,1
1660735070002,AWP 4A,005,085774,Staff,0,0,0,0
1660735070002,AWP 4A,006,085775,Staff,0,0,0,2
1660735070002,AWP 4A,007,085776,Staff,0,0,0,0
1660735070002,AWP 4A,008,085777,Staff,0,0,0,0
1660735070002,AWP 4A,009,085778,Staff,0,0,0,0
1660735070002,AWP 4A,012,085781,Staff,0,0,0,0
1660735070002,AWP 4A,014,085783,Staff,0,1,0,0
1660735070002,AWP 4A,021,085790,Staff,0,0,0,0
1660735070002,AWP 4A,024,085793,Staff,0,0,0,0
1660735070002,AWP 4A,029,085798,Staff,0,0,0,0
1660735070002,AWP 4A,030,085799,Staff,0,0,0,0
1660735070002,AWP 4A,031,093835,Staff,0,0,0,0
1660735070457,AWP 4B,001,085800,Staff,0,2,0,6
1660735070457,AWP 4B,002,085801,Staff,0,0,0,7
1660735070903,BENG 2,A00,085936,Wheeler; Bruce Christopher,19,0,30,11
1660735071356,BENG 87,A00,096746,Mc Culloch; Andrew Douglas & Omens; Jeffrey Howard,20,0,20,0
1660735071802,BENG 110,A01,085939,Mc Culloch; Andrew Douglas,0,1,33,33
1660735071802,BENG 110,A02,085940,Mc Culloch; Andrew Douglas,0,1,35,35
1660735071802,BENG 110,A03,085941,Mc Culloch; Andrew Douglas,0,2,30,30
1660735072247,BENG 119A,A01,085943,Wheeler; Bruce Christopher,16,0,30,14
1660735072696,BENG 122A,A01,085945,Cauwenberghs; Gert,0,0,25,25
1660735072696,BENG 122A,A02,085946,Cauwenberghs; Gert,14,0,25,11
1660735072696,BENG 122A,A03,085947,Cauwenberghs; Gert,16,0,25,9
1660735073142,BENG 126A,A01,085949,Wheeler; Bruce Christopher,19,0,30,11
1660735073587,BENG 127A,A01,085951,Wheeler; Bruce Christopher,30,0,30,0
1660735074037,BENG 128A,A01,085953,Wheeler; Bruce Christopher,28,0,30,2
1660735074479,BENG 129A,A01,096710,Wheeler; Bruce Christopher,16,0,20,4
1660735074925,BENG 134,A01,085955,Smarr; Benjamin,13,0,40,27
1660735075368,BENG 135,A00,085956,Wheeler; Bruce Christopher,6,0,30,24
1660735075816,BENG 139A,A01,096712,Wheeler; Bruce Christopher,25,0,30,5
1660735076260,BENG 141,A00,085958,Lal; Ratnesh,6,0,50,44
1660735076708,BENG 147A,A01,085963,Wheeler; Bruce Christopher,29,0,30,1
1660735077153,BENG 148A,A01,085967,Wheeler; Bruce Christopher,27,0,30,3
1660735077596,BENG 149A,A01,085969,Wheeler; Bruce Christopher,29,0,30,1
1660735078041,BENG 161A,A01,085971,Fraley; Stephanie I.,11,0,25,14
1660735078041,BENG 161A,A02,085972,Fraley; Stephanie I.,7,0,25,18
1660735078041,BENG 161A,A03,085973,Fraley; Stephanie I.,1,0,25,24
1660735078486,BENG 162,A01,085975,Mali; Prashant Gulab Ram,0,3,30,35
1660735078486,BENG 162,A02,085976,Mali; Prashant Gulab Ram,9,0,30,21
1660735078937,BENG 166A,A00,085977,Sah; Robert Lie-Yuan,17,0,70,53
1660735079382,BENG 169A,A01,085982,Wheeler; Bruce Christopher,28,0,30,2
1660735079825,BENG 179A,A01,085984,Wheeler; Bruce Christopher,17,0,30,13
1660735080277,BENG 183,A01,085986,Zhong; Sheng,0,0,30,30
1660735080277,BENG 183,A02,085987,Zhong; Sheng,0,0,30,30
1660735080277,BENG 183,A03,085988,Zhong; Sheng,1,0,30,29
1660735080722,BENG 187B,A00,085989,Wheeler; Bruce Christopher,41,0,170,129
1660735081171,BENG 196,001,094047,Engler; Adam J.,9999,0,9999,0
1660735081620,BIBC 100,A01,092918,Huffaker; Alisa,13,3,32,19
1660735081620,BIBC 100,A02,092919,Huffaker; Alisa,13,4,32,19
1660735081620,BIBC 100,A03,092920,Huffaker; Alisa,13,2,32,19
1660735081620,BIBC 100,A04,092921,Huffaker; Alisa,14,3,32,18
1660735081620,BIBC 100,A05,092922,Huffaker; Alisa,13,3,32,19
1660735081620,BIBC 100,A06,092923,Huffaker; Alisa,13,3,32,19
1660735081620,BIBC 100,A07,092924,Huffaker; Alisa,13,5,32,19
1660735081620,BIBC 100,A08,092925,Huffaker; Alisa,13,3,32,19
1660735081620,BIBC 100,A09,092926,Huffaker; Alisa,13,4,32,19
1660735081620,BIBC 100,A10,092927,Huffaker; Alisa,13,5,32,19
1660735082081,BIBC 102,A01,092997,Schmelz; Eric Alexander,13,4,32,19
1660735082081,BIBC 102,A02,092998,Schmelz; Eric Alexander,13,6,32,19
1660735082081,BIBC 102,A03,092999,Schmelz; Eric Alexander,13,7,32,19
1660735082081,BIBC 102,A04,093000,Schmelz; Eric Alexander,13,3,32,19
1660735082081,BIBC 102,A05,093001,Schmelz; Eric Alexander,13,4,32,19
1660735082081,BIBC 102,A06,093002,Schmelz; Eric Alexander,13,5,32,19
1660735082081,BIBC 102,A07,093003,Schmelz; Eric Alexander,13,5,32,19
1660735082081,BIBC 102,A08,093004,Schmelz; Eric Alexander,13,5,32,19
1660735082081,BIBC 102,A09,093005,Schmelz; Eric Alexander,13,6,32,19
1660735082081,BIBC 102,B01,093064,Coleman; Aaron B.,13,4,32,19
1660735082081,BIBC 102,B02,093065,Coleman; Aaron B.,13,5,32,19
1660735082081,BIBC 102,B03,093066,Coleman; Aaron B.,13,6,32,19
1660735082081,BIBC 102,B04,093067,Coleman; Aaron B.,13,6,32,19
1660735082081,BIBC 102,B05,093068,Coleman; Aaron B.,13,6,32,19
1660735082081,BIBC 102,B06,093069,Coleman; Aaron B.,13,6,32,19
1660735082081,BIBC 102,B07,093070,Coleman; Aaron B.,13,4,32,19
1660735082081,BIBC 102,B08,093071,Coleman; Aaron B.,13,6,32,19
1660735082081,BIBC 102,B09,093072,Coleman; Aaron B.,13,6,32,19
1660735082536,BIBC 103,A01,089887,Bozinovic; Goran,1,4,24,23
1660735082536,BIBC 103,A02,089888,Bozinovic; Goran,0,3,24,24
1660735082536,BIBC 103,B01,089890,Burg; Michael,0,5,24,24
1660735082536,BIBC 103,B02,089891,Burg; Michael,0,1,24,24
1660735082536,BIBC 103,C01,089893,Beyhan; Sinem,0,4,24,24
1660735082536,BIBC 103,C02,089894,Beyhan; Sinem,0,6,24,24
1660735082536,BIBC 103,D01,089896,Coleman; Aaron B.,0,3,24,24
1660735082536,BIBC 103,D02,089897,Coleman; Aaron B.,0,4,24,24
1660735082984,BIBC 194,A00,089898,Hui; Enfu,0,10,27,27
1660735083456,BICD 100,A01,092396,Smith; Laurie,14,0,32,18
1660735083456,BICD 100,A02,092397,Smith; Laurie,21,0,32,11
1660735083456,BICD 100,A03,092398,Smith; Laurie,23,0,32,9
1660735083456,BICD 100,A04,092399,Smith; Laurie,27,0,32,5
1660735083456,BICD 100,A05,092400,Smith; Laurie,30,0,32,2
1660735083456,BICD 100,A06,092401,Smith; Laurie,19,0,32,13
1660735083456,BICD 100,A07,092402,Smith; Laurie,30,0,32,2
1660735083456,BICD 100,A08,092403,Smith; Laurie,24,0,32,8
1660735083456,BICD 100,B01,093073,Mueller; Liam O'Connor,10,2,32,22
1660735083456,BICD 100,B02,093074,Mueller; Liam O'Connor,10,2,32,22
1660735083456,BICD 100,B03,093075,Mueller; Liam O'Connor,10,2,32,22
1660735083456,BICD 100,B04,093076,Mueller; Liam O'Connor,10,1,32,22
1660735083456,BICD 100,B05,093077,Mueller; Liam O'Connor,10,2,32,22
1660735083456,BICD 100,B06,093078,Mueller; Liam O'Connor,10,2,32,22
1660735083456,BICD 100,B07,093079,Mueller; Liam O'Connor,10,3,32,22
1660735083456,BICD 100,B08,093080,Mueller; Liam O'Connor,10,4,32,22
1660735083456,BICD 100,C01,093021,McDonnell; Lisa Marie,13,0,32,19
1660735083456,BICD 100,C02,093022,McDonnell; Lisa Marie,10,1,32,22
1660735083456,BICD 100,C03,093023,McDonnell; Lisa Marie,10,0,32,22
1660735083456,BICD 100,C04,093024,McDonnell; Lisa Marie,10,0,32,22
1660735083456,BICD 100,C05,093025,McDonnell; Lisa Marie,10,0,32,22
1660735083456,BICD 100,C06,093026,McDonnell; Lisa Marie,20,0,32,12
1660735083456,BICD 100,C07,093027,McDonnell; Lisa Marie,10,0,32,22
1660735083456,BICD 100,C08,093028,McDonnell; Lisa Marie,11,0,32,21
1660735083456,BICD 100,D01,093081,Day; Christopher D,10,2,32,22
1660735083456,BICD 100,D02,093082,Day; Christopher D,10,8,32,22
1660735083456,BICD 100,D03,093083,Day; Christopher D,10,3,32,22
1660735083456,BICD 100,D04,093084,Day; Christopher D,10,4,32,22
1660735083456,BICD 100,D05,093085,Day; Christopher D,10,4,32,22
1660735083456,BICD 100,D06,093086,Day; Christopher D,10,2,32,22
1660735083456,BICD 100,D07,093087,Day; Christopher D,10,8,32,22
1660735083456,BICD 100,D08,093088,Day; Christopher D,10,4,32,22
1660735083907,BICD 110,A01,093089,Kiger; Amy,19,0,32,13
1660735083907,BICD 110,A02,093091,Kiger; Amy,28,0,32,4
1660735083907,BICD 110,A03,093092,Kiger; Amy,28,0,32,4
1660735083907,BICD 110,A04,093093,Kiger; Amy,24,0,32,8
1660735083907,BICD 110,A05,093094,Kiger; Amy,15,0,32,17
1660735083907,BICD 110,A06,093095,Kiger; Amy,29,0,32,3
1660735083907,BICD 110,A07,093096,Kiger; Amy,29,0,32,3
1660735083907,BICD 110,B01,093029,Grossman; Emily N,0,1,32,32
1660735083907,BICD 110,B02,093030,Grossman; Emily N,0,1,32,32
1660735083907,BICD 110,B03,093031,Grossman; Emily N,0,1,32,32
1660735083907,BICD 110,B04,093032,Grossman; Emily N,0,2,32,32
1660735083907,BICD 110,B05,093033,Grossman; Emily N,0,2,32,32
1660735083907,BICD 110,B06,093034,Grossman; Emily N,0,1,32,32
1660735083907,BICD 110,B07,093035,Grossman; Emily N,0,2,32,32
1660735084360,BICD 140,A01,093097,Zuniga; Elina I,1,0,32,31
1660735084360,BICD 140,A02,093098,Zuniga; Elina I,0,3,32,32
1660735084360,BICD 140,A03,093099,Zuniga; Elina I,0,0,32,32
1660735084360,BICD 140,A04,093100,Zuniga; Elina I,1,0,32,31
1660735084360,BICD 140,A05,093101,Zuniga; Elina I,0,0,32,32
1660735084360,BICD 140,A06,093102,Zuniga; Elina I,0,0,32,32
1660735084815,BIEB 102,A01,092528,Butler; Shannon Rhey,5,5,32,27
1660735084815,BIEB 102,A02,092529,Butler; Shannon Rhey,5,6,32,27
1660735084815,BIEB 102,A03,092530,Butler; Shannon Rhey,5,4,32,27
1660735084815,BIEB 102,A04,092531,Butler; Shannon Rhey,5,5,32,27
1660735084815,BIEB 102,A05,092532,Butler; Shannon Rhey,5,4,32,27
1660735084815,BIEB 102,A06,092533,Butler; Shannon Rhey,5,3,32,27
1660735084815,BIEB 102,A07,092534,Butler; Shannon Rhey,5,5,32,27
1660735085262,BIEB 121,A00,089907,Holway; David A.,0,23,32,32
1660735085712,BIEB 126,A01,092974,Kohn; Joshua R,5,0,32,27
1660735085712,BIEB 126,A02,092975,Kohn; Joshua R,9,0,32,23
1660735085712,BIEB 126,A03,092976,Kohn; Joshua R,5,1,32,27
1660735085712,BIEB 126,A04,092977,Kohn; Joshua R,8,0,32,24
1660735085712,BIEB 126,A05,092978,Kohn; Joshua R,27,0,32,5
1660735086159,BIEB 146,A01,093054,Petrie; Katherine Lynn,0,8,32,32
1660735086159,BIEB 146,A02,093055,Petrie; Katherine Lynn,0,5,32,32
1660735086159,BIEB 146,A03,093056,Petrie; Katherine Lynn,0,6,32,32
1660735086159,BIEB 146,A04,093057,Petrie; Katherine Lynn,0,9,32,32
1660735086159,BIEB 146,A05,093058,Petrie; Katherine Lynn,0,6,32,32
1660735086159,BIEB 146,A06,093059,Petrie; Katherine Lynn,0,5,32,32
1660735086159,BIEB 146,A07,093060,Petrie; Katherine Lynn,0,6,32,32
1660735086159,BIEB 146,A08,093061,Petrie; Katherine Lynn,0,6,32,32
1660735086159,BIEB 146,A09,093062,Petrie; Katherine Lynn,0,5,32,32
1660735086604,BIEB 150,A01,093103,Rennison; Diana,5,4,32,27
1660735086604,BIEB 150,A02,093104,Rennison; Diana,5,4,32,27
1660735086604,BIEB 150,A03,093105,Rennison; Diana,5,3,32,27
1660735086604,BIEB 150,A04,093106,Rennison; Diana,5,2,32,27
1660735086604,BIEB 150,A05,093107,Rennison; Diana,5,2,32,27
1660735086604,BIEB 150,A06,093108,Rennison; Diana,5,3,32,27
1660735087510,BIEB 174,A01,092465,Cleland; Elsa Eleanor & Barton; Andrew David,5,0,32,27
1660735087510,BIEB 174,A02,092466,Cleland; Elsa Eleanor & Barton; Andrew David,5,1,32,27
1660735087510,BIEB 174,A03,092467,Cleland; Elsa Eleanor & Barton; Andrew David,5,0,32,27
1660735087510,BIEB 174,A04,092468,Cleland; Elsa Eleanor & Barton; Andrew David,4,1,32,28
1660735087510,BIEB 174,A05,092469,Cleland; Elsa Eleanor & Barton; Andrew David,5,1,32,27
1660735087510,BIEB 174,A06,092470,Cleland; Elsa Eleanor & Barton; Andrew David,5,2,32,27
1660735087510,BIEB 174,A07,092471,Cleland; Elsa Eleanor & Barton; Andrew David,5,0,32,27
1660735087953,BIEB 194,A00,096518,Jackrel; Sara,19,0,27,8
1660735088412,BILD 1,A01,092884,Pickett; Brooke Elizabeth,13,0,32,19
1660735088412,BILD 1,A02,092885,Pickett; Brooke Elizabeth,15,0,32,17
1660735088412,BILD 1,A03,092886,Pickett; Brooke Elizabeth,18,0,32,14
1660735088412,BILD 1,A04,092887,Pickett; Brooke Elizabeth,22,0,32,10
1660735088412,BILD 1,A05,092888,Pickett; Brooke Elizabeth,22,0,32,10
1660735088412,BILD 1,A06,092889,Pickett; Brooke Elizabeth,30,0,32,2
1660735088412,BILD 1,A07,092890,Pickett; Brooke Elizabeth,20,0,32,12
1660735088412,BILD 1,B01,092891,Pekkurnaz Banghart; Gulcin,14,0,32,18
1660735088412,BILD 1,B02,092892,Pekkurnaz Banghart; Gulcin,13,1,32,19
1660735088412,BILD 1,B03,092893,Pekkurnaz Banghart; Gulcin,30,0,32,2
1660735088412,BILD 1,B04,092894,Pekkurnaz Banghart; Gulcin,30,0,32,2
1660735088412,BILD 1,B05,092895,Pekkurnaz Banghart; Gulcin,26,0,32,6
1660735088412,BILD 1,B06,092896,Pekkurnaz Banghart; Gulcin,19,0,32,13
1660735088412,BILD 1,B07,092897,Pekkurnaz Banghart; Gulcin,29,0,32,3
1660735088412,BILD 1,C01,092421,Meaders; Clara Leigh,13,2,32,19
1660735088412,BILD 1,C02,092422,Meaders; Clara Leigh,13,2,32,19
1660735088412,BILD 1,C03,092423,Meaders; Clara Leigh,13,1,32,19
1660735088412,BILD 1,C04,092424,Meaders; Clara Leigh,13,2,32,19
1660735088412,BILD 1,C05,092425,Meaders; Clara Leigh,13,1,32,19
1660735088412,BILD 1,C06,092426,Meaders; Clara Leigh,13,0,32,19
1660735088412,BILD 1,C07,092427,Meaders; Clara Leigh,13,0,32,19
1660735088412,BILD 1,D01,092428,Meaders; Clara Leigh,13,0,32,19
1660735088412,BILD 1,D02,092429,Meaders; Clara Leigh,13,2,32,19
1660735088412,BILD 1,D03,092430,Meaders; Clara Leigh,13,1,32,19
1660735088412,BILD 1,D04,092431,Meaders; Clara Leigh,13,3,32,19
1660735088412,BILD 1,D05,092432,Meaders; Clara Leigh,13,3,32,19
1660735088412,BILD 1,D06,092433,Meaders; Clara Leigh,13,1,32,19
1660735088412,BILD 1,D07,092434,Meaders; Clara Leigh,13,1,32,19
1660735088412,BILD 1,E01,092445,Cooper; Andrew Michael,29,0,32,3
1660735088412,BILD 1,E02,092446,Cooper; Andrew Michael,31,0,32,1
1660735088412,BILD 1,E03,092447,Cooper; Andrew Michael,32,0,32,0
1660735088412,BILD 1,E04,092448,Cooper; Andrew Michael,30,0,32,2
1660735088412,BILD 1,E05,092449,Cooper; Andrew Michael,22,0,32,10
1660735088412,BILD 1,E06,092450,Cooper; Andrew Michael,26,0,32,6
1660735088412,BILD 1,E07,092451,Cooper; Andrew Michael,31,0,32,1
1660735088878,BILD 2,A01,092822,Glasgow; Stacey Marie,15,0,32,17
1660735088878,BILD 2,A02,092823,Glasgow; Stacey Marie,30,0,32,2
1660735088878,BILD 2,A03,092824,Glasgow; Stacey Marie,28,0,32,4
1660735088878,BILD 2,A04,092825,Glasgow; Stacey Marie,24,0,32,8
1660735088878,BILD 2,A05,092826,Glasgow; Stacey Marie,32,0,32,0
1660735088878,BILD 2,A06,092827,Glasgow; Stacey Marie,28,0,32,4
1660735088878,BILD 2,A07,092828,Glasgow; Stacey Marie,29,0,32,3
1660735088878,BILD 2,B01,092830,Owens; Melinda Tsao-Ying,7,0,32,25
1660735088878,BILD 2,B02,092831,Owens; Melinda Tsao-Ying,7,0,32,25
1660735088878,BILD 2,B03,092832,Owens; Melinda Tsao-Ying,7,0,32,25
1660735088878,BILD 2,B04,092833,Owens; Melinda Tsao-Ying,9,0,33,24
1660735088878,BILD 2,B05,092834,Owens; Melinda Tsao-Ying,7,3,32,25
1660735088878,BILD 2,B06,092835,Owens; Melinda Tsao-Ying,8,0,32,24
1660735088878,BILD 2,B07,092836,Owens; Melinda Tsao-Ying,15,0,32,17
1660735088878,BILD 2,C01,092668,Owens; Melinda Tsao-Ying,7,2,32,25
1660735088878,BILD 2,C02,092669,Owens; Melinda Tsao-Ying,7,0,32,25
1660735088878,BILD 2,C03,092670,Owens; Melinda Tsao-Ying,7,0,32,25
1660735088878,BILD 2,C04,092671,Owens; Melinda Tsao-Ying,7,0,32,25
1660735088878,BILD 2,C05,092672,Owens; Melinda Tsao-Ying,8,0,32,24
1660735088878,BILD 2,C06,092673,Owens; Melinda Tsao-Ying,7,1,32,25
1660735088878,BILD 2,C07,092674,Owens; Melinda Tsao-Ying,7,0,32,25
1660735089333,BILD 3,A01,092454,Stockwell; Sarah R,14,0,32,18
1660735089333,BILD 3,A02,092455,Stockwell; Sarah R,13,0,32,19
1660735089333,BILD 3,A03,092456,Stockwell; Sarah R,23,0,32,9
1660735089333,BILD 3,A04,092457,Stockwell; Sarah R,25,0,32,7
1660735089333,BILD 3,A05,092458,Stockwell; Sarah R,13,0,32,19
1660735089333,BILD 3,A06,092459,Stockwell; Sarah R,13,0,32,19
1660735089333,BILD 3,A07,092460,Stockwell; Sarah R,13,0,32,19
1660735089333,BILD 3,A08,092461,Stockwell; Sarah R,30,0,32,2
1660735089333,BILD 3,A09,092462,Stockwell; Sarah R,31,0,32,1
1660735089333,BILD 3,B01,092479,Stockwell; Sarah R,23,0,32,9
1660735089333,BILD 3,B02,092480,Stockwell; Sarah R,13,0,32,19
1660735089333,BILD 3,B03,092481,Stockwell; Sarah R,14,0,32,18
1660735089333,BILD 3,B04,092482,Stockwell; Sarah R,14,0,32,18
1660735089333,BILD 3,B05,092483,Stockwell; Sarah R,29,0,32,3
1660735089333,BILD 3,B06,092484,Stockwell; Sarah R,31,0,32,1
1660735089333,BILD 3,B07,092485,Stockwell; Sarah R,26,0,32,6
1660735089333,BILD 3,B08,092486,Stockwell; Sarah R,24,0,32,8
1660735089333,BILD 3,B09,092487,Stockwell; Sarah R,17,0,32,15
1660735089333,BILD 3,C01,092412,Butler; Shannon Rhey,22,0,32,10
1660735089333,BILD 3,C02,092413,Butler; Shannon Rhey,15,0,32,17
1660735089333,BILD 3,C03,092414,Butler; Shannon Rhey,24,0,32,8
1660735089333,BILD 3,C04,092415,Butler; Shannon Rhey,26,0,32,6
1660735089333,BILD 3,C05,092416,Butler; Shannon Rhey,29,0,32,3
1660735089333,BILD 3,C06,092417,Butler; Shannon Rhey,29,0,32,3
1660735089333,BILD 3,C07,092418,Butler; Shannon Rhey,32,0,32,0
1660735089333,BILD 3,C08,092419,Butler; Shannon Rhey,32,0,32,0
1660735089333,BILD 3,C09,092420,Butler; Shannon Rhey,31,0,32,1
1660735089333,BILD 3,D01,092898,Reuther; Keefe,29,0,32,3
1660735089333,BILD 3,D02,092899,Reuther; Keefe,16,0,32,16
1660735089333,BILD 3,D03,092900,Reuther; Keefe,13,0,32,19
1660735089333,BILD 3,D04,092901,Reuther; Keefe,29,0,32,3
1660735089333,BILD 3,D05,092902,Reuther; Keefe,31,0,32,1
1660735089333,BILD 3,D06,092903,Reuther; Keefe,31,0,32,1
1660735089333,BILD 3,D07,092904,Reuther; Keefe,22,0,32,10
1660735089333,BILD 3,D08,092905,Reuther; Keefe,25,0,32,7
1660735089333,BILD 3,D09,092906,Reuther; Keefe,20,0,32,12
1660735089794,BILD 4,A01,089840,Mel; Stephanie,24,6,24,0
1660735089794,BILD 4,A02,089841,Mel; Stephanie,24,4,24,0
1660735089794,BILD 4,A03,089842,Mel; Stephanie,24,4,24,0
1660735089794,BILD 4,A04,089843,Mel; Stephanie,24,6,24,0
1660735089794,BILD 4,A05,089844,Mel; Stephanie,24,5,24,0
1660735089794,BILD 4,A06,089845,Mel; Stephanie,24,5,24,0
1660735089794,BILD 4,A07,089846,Mel; Stephanie,24,5,24,0
1660735089794,BILD 4,A08,089847,Mel; Stephanie,24,5,24,0
1660735089794,BILD 4,A09,089848,Mel; Stephanie,24,5,24,0
1660735089794,BILD 4,A10,089849,Mel; Stephanie,24,7,24,0
1660735089794,BILD 4,A11,089850,Mel; Stephanie,24,5,24,0
1660735089794,BILD 4,A12,089851,Mel; Stephanie,24,4,24,0
1660735089794,BILD 4,A13,089852,Mel; Stephanie,24,5,24,0
1660735089794,BILD 4,A14,089853,Mel; Stephanie,24,4,24,0
1660735089794,BILD 4,A15,089854,Mel; Stephanie,24,5,24,0
1660735089794,BILD 4,A16,089855,Mel; Stephanie,24,4,24,0
1660735089794,BILD 4,B01,089857,Lo; Stanley M.,24,4,24,0
1660735089794,BILD 4,B02,089858,Lo; Stanley M.,24,3,24,0
1660735089794,BILD 4,B03,089859,Lo; Stanley M.,24,3,24,0
1660735089794,BILD 4,B04,089860,Lo; Stanley M.,24,3,24,0
1660735089794,BILD 4,B05,089861,Lo; Stanley M.,24,2,24,0
1660735089794,BILD 4,B06,089862,Lo; Stanley M.,24,2,24,0
1660735089794,BILD 4,B07,089863,Lo; Stanley M.,24,2,24,0
1660735089794,BILD 4,B08,089864,Lo; Stanley M.,24,2,24,0
1660735089794,BILD 4,B09,089865,Lo; Stanley M.,24,4,24,0
1660735089794,BILD 4,B10,089866,Lo; Stanley M.,24,4,24,0
1660735089794,BILD 4,B11,089867,Lo; Stanley M.,24,4,24,0
1660735089794,BILD 4,B12,089868,Lo; Stanley M.,24,3,24,0
1660735089794,BILD 4,B13,089869,Lo; Stanley M.,24,3,24,0
1660735089794,BILD 4,B14,089870,Lo; Stanley M.,24,3,24,0
1660735089794,BILD 4,B15,089871,Lo; Stanley M.,24,3,24,0
1660735089794,BILD 4,B16,089872,Lo; Stanley M.,24,4,24,0
1660735090244,BILD 5,A01,092907,Reuther; Keefe,28,0,32,4
1660735090244,BILD 5,A02,092908,Reuther; Keefe,21,0,32,11
1660735090692,BILD 10,A01,092909,Gustafson-Brown; Cindy,30,0,32,2
1660735090692,BILD 10,A02,092910,Gustafson-Brown; Cindy,32,0,32,0
1660735090692,BILD 10,A03,092911,Gustafson-Brown; Cindy,31,0,32,1
1660735090692,BILD 10,A04,092912,Gustafson-Brown; Cindy,31,0,32,1
1660735090692,BILD 10,A05,092913,Gustafson-Brown; Cindy,21,0,32,11
1660735090692,BILD 10,A06,092914,Gustafson-Brown; Cindy,20,0,32,12
1660735090692,BILD 10,A07,092915,Gustafson-Brown; Cindy,24,0,32,8
1660735090692,BILD 10,A08,092916,Gustafson-Brown; Cindy,30,0,32,2
1660735090692,BILD 10,A09,092917,Gustafson-Brown; Cindy,32,0,32,0
1660735091138,BILD 20,A01,092956,Rana; Brinda Kanti,5,0,32,27
1660735091138,BILD 20,A02,092957,Rana; Brinda Kanti,5,2,32,27
1660735091138,BILD 20,A03,092958,Rana; Brinda Kanti,11,0,32,21
1660735091138,BILD 20,A04,092959,Rana; Brinda Kanti,28,0,32,4
1660735091583,BILD 32,A01,092990,Burg; Michael,23,0,32,9
1660735091583,BILD 32,A02,092991,Burg; Michael,17,0,32,15
1660735091583,BILD 32,A03,092992,Burg; Michael,23,0,32,9
1660735091583,BILD 32,A04,092993,Burg; Michael,21,0,32,11
1660735091583,BILD 32,A05,092994,Burg; Michael,31,0,32,1
1660735091583,BILD 32,A06,092995,Burg; Michael,30,0,32,2
1660735091583,BILD 32,A07,092996,Burg; Michael,32,0,32,0
1660735092029,BILD 60,A01,092392,Hammond; LaTisha Marie,8,0,24,16
1660735092029,BILD 60,A02,092393,Hammond; LaTisha Marie,0,0,24,24
1660735092029,BILD 60,B01,092394,Macagno; Eduardo R.,0,0,24,24
1660735092029,BILD 60,B02,092395,Macagno; Eduardo R.,12,0,24,12
1660735092476,BILD 62,A01,092949,Aljadeff; Johnatan,24,0,32,8
1660735092476,BILD 62,A02,092950,Aljadeff; Johnatan,24,0,32,8
1660735092476,BILD 62,A03,092951,Aljadeff; Johnatan,24,0,32,8
1660735092920,BILD 80,A00,089880,Pogliano; Joseph,0,3,30,30
1660735093365,BILD 84R,A00,096612,Pogliano; Joseph,56,0,100,44
1660735093811,BILD 99,001,105817,Neal; Sonya E,9999,0,9999,0
1660735093811,BILD 99,002,106257,Jackrel; Sara,9999,0,9999,0
1660735094261,BIMM 100,A01,092435,Pasquinelli; Amy,0,0,32,32
1660735094261,BIMM 100,A02,092436,Pasquinelli; Amy,0,0,32,32
1660735094261,BIMM 100,A03,092437,Pasquinelli; Amy,2,0,32,30
1660735094261,BIMM 100,A04,092438,Pasquinelli; Amy,11,0,32,21
1660735094261,BIMM 100,A05,092439,Pasquinelli; Amy,26,0,32,6
1660735094261,BIMM 100,A06,092440,Pasquinelli; Amy,28,0,32,4
1660735094261,BIMM 100,A07,092441,Pasquinelli; Amy,0,0,32,32
1660735094261,BIMM 100,A08,092442,Pasquinelli; Amy,1,0,32,31
1660735094261,BIMM 100,A09,092443,Pasquinelli; Amy,27,0,32,5
1660735094261,BIMM 100,A10,092444,Pasquinelli; Amy,31,0,32,1
1660735094261,BIMM 100,B01,092518,Pruneda-Paz; Jose L.,0,7,32,32
1660735094261,BIMM 100,B02,092519,Pruneda-Paz; Jose L.,0,7,32,32
1660735094261,BIMM 100,B03,092520,Pruneda-Paz; Jose L.,0,6,32,32
1660735094261,BIMM 100,B04,092521,Pruneda-Paz; Jose L.,0,7,32,32
1660735094261,BIMM 100,B05,092522,Pruneda-Paz; Jose L.,0,8,32,32
1660735094261,BIMM 100,B06,092523,Pruneda-Paz; Jose L.,0,7,32,32
1660735094261,BIMM 100,B07,092524,Pruneda-Paz; Jose L.,0,6,32,32
1660735094261,BIMM 100,B08,092525,Pruneda-Paz; Jose L.,0,8,32,32
1660735094261,BIMM 100,B09,092526,Pruneda-Paz; Jose L.,0,7,32,32
1660735094261,BIMM 100,B10,092527,Pruneda-Paz; Jose L.,0,7,32,32
1660735094746,BIMM 101,A01,089915,Rusert; Jessica Marie,0,3,24,24
1660735094746,BIMM 101,A02,089916,Rusert; Jessica Marie,0,3,24,24
1660735094746,BIMM 101,A03,089917,Rusert; Jessica Marie,0,3,24,24
1660735094746,BIMM 101,A04,089918,Rusert; Jessica Marie,0,3,24,24
1660735094746,BIMM 101,B01,089920,Grossman; Emily N,0,8,24,24
1660735094746,BIMM 101,B02,089921,Grossman; Emily N,0,6,24,24
1660735094746,BIMM 101,C01,089923,Day; Christopher D,0,7,24,24
1660735094746,BIMM 101,C02,089924,Day; Christopher D,0,6,24,24
1660735094746,BIMM 101,D01,089926,Cooper; Andrew Michael,0,4,24,24
1660735094746,BIMM 101,D02,089927,Cooper; Andrew Michael,0,2,24,24
1660735094746,BIMM 101,E01,089929,McDonnell; Lisa Marie,0,5,24,24
1660735094746,BIMM 101,E02,089930,McDonnell; Lisa Marie,0,4,24,24
1660735095192,BIMM 110,A01,092472,Tour; Ella,0,0,32,32
1660735095192,BIMM 110,A02,092473,Tour; Ella,0,0,32,32
1660735095192,BIMM 110,A03,092474,Tour; Ella,9,0,32,23
1660735095192,BIMM 110,A04,092475,Tour; Ella,15,0,32,17
1660735095192,BIMM 110,A05,092476,Tour; Ella,22,0,32,10
1660735095192,BIMM 110,A06,092477,Tour; Ella,21,0,32,11
1660735095192,BIMM 110,A07,092478,Tour; Ella,22,0,32,10
1660735095638,BIMM 120,A01,092979,Allen; Eric,0,0,32,32
1660735095638,BIMM 120,A02,092980,Allen; Eric,0,1,32,32
1660735095638,BIMM 120,A03,092981,Allen; Eric,0,0,32,32
1660735095638,BIMM 120,A04,092982,Allen; Eric,0,0,32,32
1660735095638,BIMM 120,A05,092983,Allen; Eric,4,0,32,28
1660735095638,BIMM 120,A06,092984,Allen; Eric,28,0,32,4
1660735095638,BIMM 120,A07,092985,Allen; Eric,0,1,32,32
1660735095638,BIMM 120,A08,092986,Allen; Eric,0,0,32,32
1660735095638,BIMM 120,A09,092987,Allen; Eric,8,0,32,24
1660735095638,BIMM 120,A10,092988,Allen; Eric,6,0,32,26
1660735095638,BIMM 120,A11,092989,Allen; Eric,25,0,32,7
1660735096085,BIMM 121,A01,089934,Petrie; Katherine Lynn,0,15,24,24
1660735096085,BIMM 121,A02,089935,Petrie; Katherine Lynn,0,17,24,24
1660735096085,BIMM 121,B01,089937,Pickett; Brooke Elizabeth,0,11,24,24
1660735096085,BIMM 121,B02,089938,Pickett; Brooke Elizabeth,0,9,24,24
1660735096085,BIMM 121,C01,089940,Pirino; Giorgia,0,11,24,24
1660735096085,BIMM 121,C02,089941,Pirino; Giorgia,0,10,24,24
1660735096085,BIMM 121,C03,089942,Pirino; Giorgia,0,12,24,24
1660735096085,BIMM 121,C04,089943,Pirino; Giorgia,0,10,24,24
1660735096611,BIMM 122,A01,093006,Russell; Alistair B,0,0,32,32
1660735096611,BIMM 122,A02,093007,Russell; Alistair B,0,1,32,32
1660735096611,BIMM 122,A03,093008,Russell; Alistair B,1,0,32,31
1660735096611,BIMM 122,A04,093009,Russell; Alistair B,13,0,32,19
1660735096611,BIMM 122,A05,093010,Russell; Alistair B,21,0,32,11
1660735097058,BIMM 124,A01,092404,Gustafson-Brown; Cindy,0,0,32,32
1660735097058,BIMM 124,A02,092405,Gustafson-Brown; Cindy,8,0,32,24
1660735097058,BIMM 124,A03,092406,Gustafson-Brown; Cindy,21,0,32,11
1660735097058,BIMM 124,A04,092407,Gustafson-Brown; Cindy,28,0,32,4
1660735097058,BIMM 124,A05,092408,Gustafson-Brown; Cindy,20,0,32,12
1660735097058,BIMM 124,A06,092409,Gustafson-Brown; Cindy,28,0,32,4
1660735097058,BIMM 124,A07,092410,Gustafson-Brown; Cindy,31,0,32,1
1660735097514,BIMM 140,A01,089947,Suel; Gurol Mehmet & Hao; Nan,5,3,32,27
1660735097514,BIMM 140,A02,089948,Suel; Gurol Mehmet & Hao; Nan,5,4,32,27
1660735097514,BIMM 140,A03,089949,Suel; Gurol Mehmet & Hao; Nan,5,4,32,27
1660735097514,BIMM 140,A04,089950,Suel; Gurol Mehmet & Hao; Nan,5,2,32,27
1660735097514,BIMM 140,A05,089951,Suel; Gurol Mehmet & Hao; Nan,5,3,32,27
1660735097960,BIMM 143,A01,089953,Grant; Barry J,0,15,40,45
1660735097960,BIMM 143,C01,089957,Bozinovic; Goran,0,6,40,40
1660735098408,BIMM 194,A00,089958,Hasty; Jeff M,0,5,27,27
1660735098408,BIMM 194,B00,089959,Golden; James W,0,0,27,27
1660735098408,BIMM 194,C00,089960,Lykke-Andersen; Jens,0,1,27,27
1660735098408,BIMM 194,D00,094317,Golden; Susan S.,7,0,27,20
1660735098857,BIPN 100,A01,093011,Cooke; James Edward,13,7,32,19
1660735098857,BIPN 100,A02,093012,Cooke; James Edward,13,7,32,19
1660735098857,BIPN 100,A03,093013,Cooke; James Edward,13,6,32,19
1660735098857,BIPN 100,A04,093014,Cooke; James Edward,13,5,32,19
1660735098857,BIPN 100,A05,093015,Cooke; James Edward,13,7,32,19
1660735098857,BIPN 100,A06,093016,Cooke; James Edward,13,7,32,19
1660735098857,BIPN 100,A07,093017,Cooke; James Edward,13,7,32,19
1660735098857,BIPN 100,A08,093018,Cooke; James Edward,13,8,32,19
1660735098857,BIPN 100,A09,093019,Cooke; James Edward,13,7,32,19
1660735098857,BIPN 100,A10,093020,Cooke; James Edward,13,6,32,19
1660735098857,BIPN 100,B01,093036,Reyes Gonzalez; Catalina,13,5,32,19
1660735098857,BIPN 100,B02,093037,Reyes Gonzalez; Catalina,13,4,32,19
1660735098857,BIPN 100,B03,093038,Reyes Gonzalez; Catalina,13,4,32,19
1660735098857,BIPN 100,B04,093039,Reyes Gonzalez; Catalina,13,5,32,19
1660735098857,BIPN 100,B05,093040,Reyes Gonzalez; Catalina,13,3,32,19
1660735098857,BIPN 100,B06,093041,Reyes Gonzalez; Catalina,13,3,32,19
1660735098857,BIPN 100,B07,093042,Reyes Gonzalez; Catalina,13,5,32,19
1660735098857,BIPN 100,B08,093043,Reyes Gonzalez; Catalina,13,6,32,19
1660735098857,BIPN 100,B09,093044,Reyes Gonzalez; Catalina,13,3,32,19
1660735098857,BIPN 100,B10,093045,Reyes Gonzalez; Catalina,13,4,32,19
1660735099310,BIPN 102,A01,093046,Reyes Gonzalez; Catalina,0,2,32,32
1660735099310,BIPN 102,A02,093047,Reyes Gonzalez; Catalina,0,3,32,32
1660735099310,BIPN 102,A05,093050,Reyes Gonzalez; Catalina,0,2,32,32
1660735099310,BIPN 102,A06,093051,Reyes Gonzalez; Catalina,1,0,32,31
1660735099310,BIPN 102,A07,093052,Reyes Gonzalez; Catalina,0,2,32,32
1660735099310,BIPN 102,A08,093053,Reyes Gonzalez; Catalina,0,0,32,32
1660735099771,BIPN 105,A01,089966,Armour; Jon Christopher,0,6,21,21
1660735099771,BIPN 105,A02,089967,Armour; Jon Christopher,0,6,21,21
1660735099771,BIPN 105,A03,089968,Armour; Jon Christopher,0,4,21,21
1660735099771,BIPN 105,A04,089969,Armour; Jon Christopher,0,7,21,21
1660735100235,BIPN 140,A01,092514,Spitzer; Nicholas & Su; Chih-Ying,13,3,32,19
1660735100235,BIPN 140,A02,092515,Spitzer; Nicholas & Su; Chih-Ying,13,4,32,19
1660735100235,BIPN 140,A03,092516,Spitzer; Nicholas & Su; Chih-Ying,13,2,32,19
1660735100235,BIPN 140,A04,092517,Spitzer; Nicholas & Su; Chih-Ying,13,5,32,19
1660735100235,BIPN 140,B01,092952,Banghart; Matthew Ryan,13,2,32,19
1660735100235,BIPN 140,B02,092953,Banghart; Matthew Ryan,14,0,32,18
1660735100235,BIPN 140,B03,092954,Banghart; Matthew Ryan,15,0,32,17
1660735100235,BIPN 140,B04,092955,Banghart; Matthew Ryan,14,0,32,18
1660735100689,BIPN 145,A01,089973,Marino; Marc J,0,3,42,42
1660735100689,BIPN 145,A02,089974,Marino; Marc J,0,1,42,42
1660735100689,BIPN 145,B01,089976,Juavinett; Ashley Lauren,0,8,42,42
1660735101145,BIPN 148,A01,092960,Leutgeb; Jill K.,24,0,32,8
1660735101145,BIPN 148,A02,092961,Leutgeb; Jill K.,6,0,32,26
1660735101145,BIPN 148,A03,092962,Leutgeb; Jill K.,20,0,31,11
1660735101145,BIPN 148,A04,092963,Leutgeb; Jill K.,29,0,31,2
1660735101145,BIPN 148,A05,092964,Leutgeb; Jill K.,30,0,31,1
1660735101145,BIPN 148,A06,094351,Leutgeb; Jill K.,12,0,31,19
1660735101145,BIPN 148,A07,092966,Leutgeb; Jill K.,7,0,31,24
1660735101145,BIPN 148,A08,092967,Leutgeb; Jill K.,10,0,31,21
1660735101607,BIPN 189,A00,090665,Gentner; Tim,0,19,25,25
1660735102053,BIPN 194,A00,089978,Pekkurnaz Banghart; Gulcin,0,1,27,27
1660735102053,BIPN 194,B00,089979,Leutgeb; Stefan,20,0,27,7
1660735102498,BISP 182,A00,096472,Pogliano; Joseph,9992,0,9999,7
1660735102945,BISP 194,A00,089980,Wertheim; Joel Okrent,0,13,27,27
1660735103389,BISP 197,001,096703,Wilhelm; James E.,9998,0,9999,1
1660735103845,CAT 1,A01,086671,Bronstein; Phoebe Malan,17,0,17,0
1660735103845,CAT 1,A02,086672,Bronstein; Phoebe Malan,12,0,17,5
1660735103845,CAT 1,A03,086673,Bronstein; Phoebe Malan,0,0,17,17
1660735103845,CAT 1,A04,086674,Bronstein; Phoebe Malan,8,0,17,9
1660735103845,CAT 1,A05,086675,Bronstein; Phoebe Malan,10,0,17,7
1660735103845,CAT 1,A06,086676,Bronstein; Phoebe Malan,10,0,17,7
1660735103845,CAT 1,A07,086677,Bronstein; Phoebe Malan,13,0,17,4
1660735103845,CAT 1,A08,086678,Bronstein; Phoebe Malan,15,0,17,2
1660735103845,CAT 1,A09,086679,Bronstein; Phoebe Malan,16,0,17,1
1660735103845,CAT 1,A10,086680,Bronstein; Phoebe Malan,14,0,17,3
1660735103845,CAT 1,A11,086681,Bronstein; Phoebe Malan,11,0,17,6
1660735103845,CAT 1,A12,086682,Bronstein; Phoebe Malan,15,0,17,2
1660735103845,CAT 1,A13,086683,Bronstein; Phoebe Malan,12,0,17,5
1660735103845,CAT 1,A14,086684,Bronstein; Phoebe Malan,13,0,17,4
1660735103845,CAT 1,A15,086685,Bronstein; Phoebe Malan,14,0,17,3
1660735103845,CAT 1,A16,086686,Bronstein; Phoebe Malan,13,0,17,4
1660735103845,CAT 1,B01,086688,Bigham; David Joseph,15,0,17,2
1660735103845,CAT 1,B02,086689,Bigham; David Joseph,13,0,17,4
1660735103845,CAT 1,B03,086690,Bigham; David Joseph,11,0,17,6
1660735103845,CAT 1,B04,086691,Bigham; David Joseph,1,0,17,16
1660735103845,CAT 1,B05,086692,Bigham; David Joseph,7,0,17,10
1660735103845,CAT 1,B06,086693,Bigham; David Joseph,16,0,17,1
1660735103845,CAT 1,B07,086694,Bigham; David Joseph,17,0,17,0
1660735103845,CAT 1,B08,086695,Bigham; David Joseph,17,0,17,0
1660735103845,CAT 1,B09,086696,Bigham; David Joseph,16,0,17,1
1660735103845,CAT 1,B10,086697,Bigham; David Joseph,14,0,17,3
1660735103845,CAT 1,B11,086698,Bigham; David Joseph,3,0,17,14
1660735103845,CAT 1,B12,086699,Bigham; David Joseph,13,0,17,4
1660735103845,CAT 1,B13,086700,Bigham; David Joseph,13,0,17,4
1660735103845,CAT 1,B14,086701,Bigham; David Joseph,15,0,17,2
1660735103845,CAT 1,C01,086703,Algaze; Guillermo,16,0,17,1
1660735103845,CAT 1,C02,086704,Algaze; Guillermo,16,0,17,1
1660735103845,CAT 1,C03,086705,Algaze; Guillermo,16,0,17,1
1660735103845,CAT 1,C04,086706,Algaze; Guillermo,13,0,17,4
1660735103845,CAT 1,C05,086707,Algaze; Guillermo,14,0,17,3
1660735103845,CAT 1,C06,086708,Algaze; Guillermo,13,0,17,4
1660735103845,CAT 1,C07,086709,Algaze; Guillermo,15,0,17,2
1660735103845,CAT 1,C08,086710,Algaze; Guillermo,15,0,17,2
1660735103845,CAT 1,C09,086711,Algaze; Guillermo,17,0,17,0
1660735103845,CAT 1,C10,086712,Algaze; Guillermo,16,0,17,1
1660735103845,CAT 1,C11,086713,Algaze; Guillermo,16,0,17,1
1660735103845,CAT 1,C12,086714,Algaze; Guillermo,17,0,17,0
1660735103845,CAT 1,C13,086715,Algaze; Guillermo,16,0,17,1
1660735103845,CAT 1,C14,086716,Algaze; Guillermo,14,0,17,3
1660735103845,CAT 1,C15,086717,Algaze; Guillermo,14,0,17,3
1660735103845,CAT 1,C16,086718,Algaze; Guillermo,13,0,17,4
1660735103845,CAT 1,D01,086720,Marchisotto; Jennifer Anne,16,0,17,1
1660735103845,CAT 1,D02,086721,Marchisotto; Jennifer Anne,17,0,17,0
1660735103845,CAT 1,D03,086722,Marchisotto; Jennifer Anne,17,0,17,0
1660735103845,CAT 1,D04,086723,Marchisotto; Jennifer Anne,15,0,17,2
1660735103845,CAT 1,D05,086724,Marchisotto; Jennifer Anne,12,0,17,5
1660735103845,CAT 1,D06,086725,Marchisotto; Jennifer Anne,15,0,17,2
1660735103845,CAT 1,D07,086726,Marchisotto; Jennifer Anne,17,0,17,0
1660735103845,CAT 1,D08,086727,Marchisotto; Jennifer Anne,17,0,17,0
1660735103845,CAT 1,D09,086728,Marchisotto; Jennifer Anne,17,0,17,0
1660735103845,CAT 1,D10,086729,Marchisotto; Jennifer Anne,17,0,17,0
1660735103845,CAT 1,D11,086730,Marchisotto; Jennifer Anne,17,0,17,0
1660735103845,CAT 1,D12,086731,Marchisotto; Jennifer Anne,17,0,17,0
1660735103845,CAT 1,D13,086732,Marchisotto; Jennifer Anne,14,0,17,3
1660735103845,CAT 1,D14,086733,Marchisotto; Jennifer Anne,15,0,17,2
1660735104292,CAT 3,A01,086735,Gumm; Elizabeth Ashley,8,0,15,7
1660735104292,CAT 3,A02,086736,Gumm; Elizabeth Ashley,0,0,15,15
1660735104292,CAT 3,A03,086737,Gumm; Elizabeth Ashley,7,0,15,8
1660735104292,CAT 3,A04,086738,Gumm; Elizabeth Ashley,2,0,15,13
1660735104292,CAT 3,A05,086739,Gumm; Elizabeth Ashley,11,0,15,4
1660735104292,CAT 3,A06,086740,Gumm; Elizabeth Ashley,8,0,15,7
1660735105199,CAT 125R,A01,094882,Marchisotto; Jennifer Anne,0,5,16,16
1660735105199,CAT 125R,A02,086745,Marchisotto; Jennifer Anne,0,4,16,16
1660735105199,CAT 125R,A03,086746,Marchisotto; Jennifer Anne,0,4,16,16
1660735105199,CAT 125R,A04,086747,Marchisotto; Jennifer Anne,0,6,16,16
1660735105199,CAT 125R,A05,086748,Marchisotto; Jennifer Anne,0,6,16,16
1660735105199,CAT 125R,A06,086749,Marchisotto; Jennifer Anne,0,5,16,16
1660735105199,CAT 125R,A07,086750,Marchisotto; Jennifer Anne,0,5,16,16
1660735105199,CAT 125R,A08,094883,Marchisotto; Jennifer Anne,0,5,16,16
1660735105199,CAT 125R,A09,094884,Marchisotto; Jennifer Anne,0,4,16,16
1660735105199,CAT 125R,A10,094885,Marchisotto; Jennifer Anne,0,4,16,16
1660735105199,CAT 125R,A14,086761,Marchisotto; Jennifer Anne,0,5,16,16
1660735105199,CAT 125R,A15,086762,Marchisotto; Jennifer Anne,0,5,16,16
1660735105199,CAT 125R,A16,086763,Marchisotto; Jennifer Anne,0,5,16,16
1660735105199,CAT 125R,A17,086764,Marchisotto; Jennifer Anne,0,6,16,16
1660735105199,CAT 125R,A18,086765,Marchisotto; Jennifer Anne,0,5,16,16
1660735105199,CAT 125R,A19,086766,Marchisotto; Jennifer Anne,0,6,16,16
1660735105644,CCS 101,A00,088353,Staff,0,2,35,35
1660735106099,CENG 4,A01,086204,Bae; Jinhye,23,0,30,7
1660735106099,CENG 4,A02,086205,Bae; Jinhye,27,0,30,3
1660735106099,CENG 4,B01,086207,Drews; Aaron,19,0,30,11
1660735106099,CENG 4,B02,086208,Drews; Aaron,29,0,30,1
1660735106991,CENG 15R,A00,096755,Lubarda; Vlado,58,0,65,7
1660735106991,CENG 15R,B00,096757,Lubarda; Vlado,45,0,50,5
1660735107444,CENG 100,A00,086213,Chen; Zheng,53,0,150,97
1660735107890,CENG 101A,A00,086214,Bae; Jinhye,19,0,150,131
1660735108348,CENG 120,A00,086215,Opatkiewicz; Justin Paul,58,0,150,92
1660735108792,CENG 122,A00,086216,Opatkiewicz; Justin Paul,66,0,150,84
1660735109236,CENG 170,A50,096474,Drews; Aaron,22,0,30,8
1660735109236,CENG 170,A51,096476,Drews; Aaron,2,0,30,28
1660735109236,CENG 170,A52,096477,Drews; Aaron,29,0,30,1
1660735109692,CGS 2A,A01,086271,Martin Sandino; Amanda Maria Yoland,10,1,25,15
1660735109692,CGS 2A,A02,086272,Martin Sandino; Amanda Maria Yoland,10,0,25,15
1660735109692,CGS 2A,A03,086273,Martin Sandino; Amanda Maria Yoland,10,1,25,15
1660735109692,CGS 2A,A04,086274,Martin Sandino; Amanda Maria Yoland,10,1,25,15
1660735110150,CGS 100A,A00,086275,Perez; Roy,8,0,42,34
1660735110595,CGS 101,A00,086276,Whitley; Leila Marie,3,0,25,22
1660735111049,CGS 106,A00,086277,Whitley; Leila Marie,6,2,40,34
1660735111503,CGS 119,A00,086279,Nguyen; Hoang Tan,0,4,30,30
1660735111948,CGS 121,B00,096521,Martin Sandino; Amanda Maria Yoland,8,0,10,2
1660735113338,CGS 127,A00,086283,Whitley; Leila Marie,2,0,15,13
1660735113783,CGS 130,B00,096520,Martin Sandino; Amanda Maria Yoland,17,0,20,3
1660735114227,CGS 187,A00,086285,Staff,8,0,16,8
1660735114677,CGS 190,A00,086286,Perez; Roy,2,0,5,3
1660735115140,CHEM 4,A01,089669,Bussey; Thomas J,37,0,40,3
1660735115140,CHEM 4,A02,089670,Bussey; Thomas J,35,0,42,7
1660735115140,CHEM 4,A03,089671,Bussey; Thomas J,27,0,42,15
1660735115140,CHEM 4,A04,089672,Bussey; Thomas J,16,0,42,26
1660735115140,CHEM 4,A05,089673,Bussey; Thomas J,37,0,42,5
1660735115140,CHEM 4,A06,089674,Bussey; Thomas J,32,0,42,10
1660735115140,CHEM 4,A07,089675,Bussey; Thomas J,37,0,42,5
1660735115140,CHEM 4,A08,089676,Bussey; Thomas J,42,0,42,0
1660735115140,CHEM 4,A09,089677,Bussey; Thomas J,40,0,41,1
1660735115140,CHEM 4,A10,089678,Bussey; Thomas J,40,0,40,0
1660735115605,CHEM 6A,A01,092734,Pomeroy; Robert S.,36,0,40,4
1660735115605,CHEM 6A,A02,092735,Pomeroy; Robert S.,37,0,40,3
1660735115605,CHEM 6A,A03,092736,Pomeroy; Robert S.,39,0,40,1
1660735115605,CHEM 6A,A04,092737,Pomeroy; Robert S.,39,0,40,1
1660735115605,CHEM 6A,A05,092738,Pomeroy; Robert S.,37,0,40,3
1660735115605,CHEM 6A,A06,092739,Pomeroy; Robert S.,40,0,40,0
1660735115605,CHEM 6A,A07,092740,Pomeroy; Robert S.,39,0,40,1
1660735115605,CHEM 6A,A08,092741,Pomeroy; Robert S.,40,0,40,0
1660735115605,CHEM 6A,A09,092742,Pomeroy; Robert S.,0,0,0,0
1660735115605,CHEM 6A,B01,092744,Schurmeier; Kimberly,36,0,40,4
1660735115605,CHEM 6A,B02,092746,Schurmeier; Kimberly,36,0,40,4
1660735115605,CHEM 6A,B03,092749,Schurmeier; Kimberly,36,0,40,4
1660735115605,CHEM 6A,B04,092751,Schurmeier; Kimberly,36,0,40,4
1660735115605,CHEM 6A,B05,092753,Schurmeier; Kimberly,36,0,40,4
1660735115605,CHEM 6A,B06,092755,Schurmeier; Kimberly,36,0,40,4
1660735115605,CHEM 6A,B07,092756,Schurmeier; Kimberly,36,0,40,4
1660735115605,CHEM 6A,B08,092757,Schurmeier; Kimberly,36,0,40,4
1660735115605,CHEM 6A,B09,092758,Schurmeier; Kimberly,0,0,0,0
1660735115605,CHEM 6A,C01,092805,Schurmeier; Kimberly,36,1,40,4
1660735115605,CHEM 6A,C02,092806,Schurmeier; Kimberly,36,0,40,4
1660735115605,CHEM 6A,C03,092807,Schurmeier; Kimberly,36,0,40,4
1660735115605,CHEM 6A,C04,092808,Schurmeier; Kimberly,36,0,40,4
1660735115605,CHEM 6A,C05,092809,Schurmeier; Kimberly,36,1,40,4
1660735115605,CHEM 6A,C06,092810,Schurmeier; Kimberly,36,0,40,4
1660735115605,CHEM 6A,C07,092811,Schurmeier; Kimberly,36,0,40,4
1660735115605,CHEM 6A,C08,092812,Schurmeier; Kimberly,36,0,40,4
1660735115605,CHEM 6A,C09,092813,Schurmeier; Kimberly,0,0,0,0
1660735115605,CHEM 6A,D01,092837,Stallings; Dontarie M,36,0,40,4
1660735115605,CHEM 6A,D02,092838,Stallings; Dontarie M,36,0,40,4
1660735115605,CHEM 6A,D03,092839,Stallings; Dontarie M,36,0,40,4
1660735115605,CHEM 6A,D04,092840,Stallings; Dontarie M,36,0,40,4
1660735115605,CHEM 6A,D05,092841,Stallings; Dontarie M,37,0,40,3
1660735115605,CHEM 6A,D06,092842,Stallings; Dontarie M,36,0,40,4
1660735115605,CHEM 6A,D07,092843,Stallings; Dontarie M,36,0,40,4
1660735115605,CHEM 6A,D08,092844,Stallings; Dontarie M,36,0,40,4
1660735115605,CHEM 6A,D09,092845,Stallings; Dontarie M,0,0,0,0
1660735115605,CHEM 6A,E01,092796,Brydges; Stacey,36,1,40,4
1660735115605,CHEM 6A,E02,092797,Brydges; Stacey,36,1,40,4
1660735115605,CHEM 6A,E03,092798,Brydges; Stacey,36,0,40,4
1660735115605,CHEM 6A,E04,092799,Brydges; Stacey,36,1,40,4
1660735115605,CHEM 6A,E05,092800,Brydges; Stacey,36,0,40,4
1660735115605,CHEM 6A,E06,092801,Brydges; Stacey,36,1,40,4
1660735115605,CHEM 6A,E07,092802,Brydges; Stacey,36,1,40,4
1660735115605,CHEM 6A,E08,092803,Brydges; Stacey,36,0,40,4
1660735115605,CHEM 6A,E09,092804,Brydges; Stacey,0,0,0,0
1660735115605,CHEM 6A,F01,092759,Brydges; Stacey,37,0,40,3
1660735115605,CHEM 6A,F02,092760,Brydges; Stacey,36,1,40,4
1660735115605,CHEM 6A,F03,092761,Brydges; Stacey,36,2,40,4
1660735115605,CHEM 6A,F04,092762,Brydges; Stacey,36,1,40,4
1660735115605,CHEM 6A,F05,092763,Brydges; Stacey,36,3,40,4
1660735115605,CHEM 6A,F06,092764,Brydges; Stacey,36,0,40,4
1660735115605,CHEM 6A,F07,092765,Brydges; Stacey,36,0,40,4
1660735115605,CHEM 6A,F08,092766,Brydges; Stacey,36,0,40,4
1660735115605,CHEM 6A,F09,092767,Brydges; Stacey,0,0,0,0
1660735115605,CHEM 6A,G01,092774,Zid; Brian M,36,4,40,4
1660735115605,CHEM 6A,G02,092775,Zid; Brian M,36,3,40,4
1660735115605,CHEM 6A,G03,092776,Zid; Brian M,36,2,40,4
1660735115605,CHEM 6A,G04,092777,Zid; Brian M,36,5,40,4
1660735115605,CHEM 6A,G05,092778,Zid; Brian M,36,3,40,4
1660735115605,CHEM 6A,G06,092779,Zid; Brian M,37,2,40,3
1660735115605,CHEM 6A,G07,092780,Zid; Brian M,36,3,40,4
1660735115605,CHEM 6A,G08,092781,Zid; Brian M,36,4,40,4
1660735115605,CHEM 6A,G09,092782,Zid; Brian M,0,0,0,0
1660735115605,CHEM 6A,H01,092846,Stallings; Dontarie M,0,0,4,4
1660735115605,CHEM 6A,H02,092847,Stallings; Dontarie M,36,1,40,4
1660735115605,CHEM 6A,H03,092848,Stallings; Dontarie M,36,0,40,4
1660735115605,CHEM 6A,H04,092849,Stallings; Dontarie M,36,1,40,4
1660735115605,CHEM 6A,H05,092850,Stallings; Dontarie M,36,0,40,4
1660735115605,CHEM 6A,H06,092851,Stallings; Dontarie M,36,0,40,4
1660735115605,CHEM 6A,H07,092852,Stallings; Dontarie M,36,1,40,4
1660735115605,CHEM 6A,H08,092853,Stallings; Dontarie M,36,1,40,4
1660735115605,CHEM 6A,H09,092854,Stallings; Dontarie M,0,0,0,0
1660735115605,CHEM 6A,I01,092814,Staff,0,0,0,0
1660735115605,CHEM 6A,I02,092815,Staff,0,0,0,0
1660735115605,CHEM 6A,I04,092816,Staff,0,0,0,0
1660735115605,CHEM 6A,I05,092817,Staff,0,0,0,0
1660735115605,CHEM 6A,I06,092818,Staff,0,0,0,0
1660735115605,CHEM 6A,I07,092819,Staff,0,0,0,0
1660735115605,CHEM 6A,I08,092820,Staff,0,0,0,0
1660735115605,CHEM 6A,I09,092821,Staff,0,0,0,0
1660735116050,CHEM 6AH,A01,092793,Paesani; Francesco,39,0,40,1
1660735116050,CHEM 6AH,A02,092794,Paesani; Francesco,38,0,40,2
1660735116050,CHEM 6AH,A03,092795,Paesani; Francesco,39,0,40,1
1660735116513,CHEM 6B,A01,092691,Hopkins; Patrycja Anna,17,6,42,25
1660735116513,CHEM 6B,A02,092692,Hopkins; Patrycja Anna,17,4,42,25
1660735116513,CHEM 6B,A03,092693,Hopkins; Patrycja Anna,17,1,42,25
1660735116513,CHEM 6B,A04,092694,Hopkins; Patrycja Anna,17,1,42,25
1660735116513,CHEM 6B,A05,092695,Hopkins; Patrycja Anna,17,2,42,25
1660735116513,CHEM 6B,A06,092696,Hopkins; Patrycja Anna,17,2,42,25
1660735116513,CHEM 6B,A07,092697,Hopkins; Patrycja Anna,17,4,42,25
1660735116961,CHEM 6C,A01,092708,Albizati; Kim F.,2,4,40,38
1660735116961,CHEM 6C,A02,092709,Albizati; Kim F.,2,5,40,38
1660735116961,CHEM 6C,A03,092710,Albizati; Kim F.,2,3,40,38
1660735116961,CHEM 6C,A04,092711,Albizati; Kim F.,2,1,40,38
1660735116961,CHEM 6C,A05,092712,Albizati; Kim F.,7,0,40,33
1660735116961,CHEM 6C,A06,092714,Albizati; Kim F.,2,3,40,38
1660735116961,CHEM 6C,A07,092715,Albizati; Kim F.,2,2,40,38
1660735116961,CHEM 6C,A08,092716,Albizati; Kim F.,2,2,40,38
1660735116961,CHEM 6C,A09,092717,Albizati; Kim F.,2,1,40,38
1660735117418,CHEM 7L,A01,089692,Leigh; Brian,0,6,19,19
1660735117418,CHEM 7L,A02,089693,Leigh; Brian,0,7,24,24
1660735117418,CHEM 7L,A03,089694,Leigh; Brian,0,7,24,24
1660735117418,CHEM 7L,A04,089695,Leigh; Brian,0,6,24,24
1660735117418,CHEM 7L,A05,089696,Leigh; Brian,0,7,24,24
1660735117418,CHEM 7L,A06,089697,Leigh; Brian,0,7,24,24
1660735117418,CHEM 7L,A07,089698,Leigh; Brian,0,6,21,21
1660735117418,CHEM 7L,A08,089699,Leigh; Brian,0,8,24,24
1660735117418,CHEM 7L,A09,089700,Leigh; Brian,0,6,24,24
1660735117418,CHEM 7L,A10,089701,Leigh; Brian,0,0,0,0
1660735117418,CHEM 7L,B01,089703,Leigh; Brian,0,6,24,24
1660735117418,CHEM 7L,B02,089704,Leigh; Brian,0,4,24,24
1660735117418,CHEM 7L,B03,089705,Leigh; Brian,0,5,24,24
1660735117418,CHEM 7L,B04,089706,Leigh; Brian,0,6,21,21
1660735117418,CHEM 7L,B05,089707,Leigh; Brian,0,7,24,24
1660735117418,CHEM 7L,B06,089708,Leigh; Brian,0,7,24,24
1660735117418,CHEM 7L,B07,089709,Leigh; Brian,0,5,24,24
1660735117418,CHEM 7L,B08,089710,Leigh; Brian,0,8,24,24
1660735117418,CHEM 7L,B09,089711,Leigh; Brian,0,7,24,24
1660735117418,CHEM 7L,B10,089712,Leigh; Brian,0,0,0,0
1660735117418,CHEM 7L,D01,096306,Leigh; Brian,0,3,24,24
1660735117418,CHEM 7L,D02,096307,Leigh; Brian,0,4,24,24
1660735117418,CHEM 7L,D03,096308,Leigh; Brian,0,2,24,24
1660735117418,CHEM 7L,D04,096309,Leigh; Brian,0,1,24,24
1660735117418,CHEM 7L,D05,096310,Leigh; Brian,0,4,24,24
1660735117418,CHEM 7L,D06,096311,Leigh; Brian,0,1,24,24
1660735117418,CHEM 7L,D07,096312,Leigh; Brian,0,4,24,24
1660735117418,CHEM 7L,D08,096313,Leigh; Brian,0,5,24,24
1660735117418,CHEM 7L,D09,096314,Leigh; Brian,0,7,24,24
1660735117909,CHEM 40A,A01,092871,Schmidt; Valerie A,9,0,40,31
1660735117909,CHEM 40A,A02,092872,Schmidt; Valerie A,9,0,40,31
1660735117909,CHEM 40A,A03,092873,Schmidt; Valerie A,9,0,40,31
1660735117909,CHEM 40A,A04,092874,Schmidt; Valerie A,0,0,0,0
1660735117909,CHEM 40A,A05,092875,Schmidt; Valerie A,10,0,40,30
1660735117909,CHEM 40A,A06,092876,Schmidt; Valerie A,9,0,40,31
1660735117909,CHEM 40A,A07,092877,Schmidt; Valerie A,9,0,40,31
1660735117909,CHEM 40A,A08,092878,Schmidt; Valerie A,8,0,37,29
1660735117909,CHEM 40A,B01,089726,Lam; Tin Yiu,9,2,40,31
1660735117909,CHEM 40A,B02,089727,Lam; Tin Yiu,9,2,40,31
1660735117909,CHEM 40A,B03,089728,Lam; Tin Yiu,9,2,40,31
1660735117909,CHEM 40A,B04,089729,Lam; Tin Yiu,9,3,40,31
1660735117909,CHEM 40A,B05,089730,Lam; Tin Yiu,9,1,40,31
1660735117909,CHEM 40A,B06,089731,Lam; Tin Yiu,9,2,40,31
1660735117909,CHEM 40A,B07,089732,Lam; Tin Yiu,9,2,40,31
1660735117909,CHEM 40A,B08,089733,Lam; Tin Yiu,0,0,0,0
1660735117909,CHEM 40A,C01,092718,Albizati; Kim F.,9,10,40,31
1660735117909,CHEM 40A,C02,092719,Albizati; Kim F.,9,10,40,31
1660735117909,CHEM 40A,C03,092720,Albizati; Kim F.,9,11,40,31
1660735117909,CHEM 40A,C04,092721,Albizati; Kim F.,9,11,40,31
1660735117909,CHEM 40A,C05,092722,Albizati; Kim F.,9,10,40,31
1660735117909,CHEM 40A,C06,092723,Albizati; Kim F.,9,10,40,31
1660735117909,CHEM 40A,C07,092724,Albizati; Kim F.,9,13,40,31
1660735117909,CHEM 40A,C08,092725,Albizati; Kim F.,0,0,0,0
1660735117909,CHEM 40A,D01,092863,Yang; Jerry,9,3,40,31
1660735117909,CHEM 40A,D02,092864,Yang; Jerry,9,2,40,31
1660735117909,CHEM 40A,D03,092865,Yang; Jerry,9,5,40,31
1660735117909,CHEM 40A,D04,092866,Yang; Jerry,9,1,40,31
1660735117909,CHEM 40A,D05,092867,Yang; Jerry,0,0,0,0
1660735117909,CHEM 40A,D06,092868,Yang; Jerry,9,5,40,31
1660735117909,CHEM 40A,D07,092869,Yang; Jerry,9,3,40,31
1660735117909,CHEM 40A,D08,092870,Yang; Jerry,9,2,40,31
1660735118363,CHEM 40B,A01,092698,Oconnor; Joseph M.,6,0,44,38
1660735118363,CHEM 40B,A02,092699,Oconnor; Joseph M.,9,0,44,35
1660735118363,CHEM 40B,A03,092700,Oconnor; Joseph M.,0,0,0,0
1660735118363,CHEM 40B,A04,092701,Oconnor; Joseph M.,6,0,44,38
1660735118363,CHEM 40B,A05,092702,Oconnor; Joseph M.,6,0,44,38
1660735118363,CHEM 40B,A06,092703,Oconnor; Joseph M.,6,0,44,38
1660735118363,CHEM 40B,A07,092704,Oconnor; Joseph M.,6,0,44,38
1660735118363,CHEM 40B,A08,092705,Oconnor; Joseph M.,6,0,44,38
1660735118363,CHEM 40B,A09,092706,Oconnor; Joseph M.,14,0,44,30
1660735118814,CHEM 40C,A01,089739,Lam; Tin Yiu,0,0,0,0
1660735118814,CHEM 40C,A02,089740,Lam; Tin Yiu,23,0,38,15
1660735118814,CHEM 40C,A03,089741,Lam; Tin Yiu,6,1,40,34
1660735118814,CHEM 40C,A04,089742,Lam; Tin Yiu,6,1,40,34
1660735118814,CHEM 40C,A05,089743,Lam; Tin Yiu,6,1,40,34
1660735118814,CHEM 40C,A06,089744,Lam; Tin Yiu,6,0,40,34
1660735119262,CHEM 41A,A01,093840,Ternansky; Robert J.,7,0,40,33
1660735119262,CHEM 41A,A02,093841,Ternansky; Robert J.,7,0,40,33
1660735119262,CHEM 41A,A03,093842,Ternansky; Robert J.,12,0,40,28
1660735119262,CHEM 41A,A04,093843,Ternansky; Robert J.,7,1,40,33
1660735119262,CHEM 41A,A05,093844,Ternansky; Robert J.,7,0,40,33
1660735119262,CHEM 41A,A06,093845,Ternansky; Robert J.,13,0,40,27
1660735119262,CHEM 41A,A07,093846,Ternansky; Robert J.,7,0,40,33
1660735119262,CHEM 41A,A08,093847,Ternansky; Robert J.,7,0,40,33
1660735119733,CHEM 43A,A01,089746,Klosterman; Jeremy K,0,0,24,24
1660735119733,CHEM 43A,A02,089747,Klosterman; Jeremy K,0,1,24,24
1660735119733,CHEM 43A,A03,089748,Klosterman; Jeremy K,0,1,24,24
1660735119733,CHEM 43A,A04,089749,Klosterman; Jeremy K,0,1,24,24
1660735119733,CHEM 43A,A05,089750,Klosterman; Jeremy K,0,0,24,24
1660735119733,CHEM 43A,A06,089751,Klosterman; Jeremy K,0,1,24,24
1660735119733,CHEM 43A,A07,089752,Klosterman; Jeremy K,0,2,24,24
1660735119733,CHEM 43A,A08,089753,Klosterman; Jeremy K,0,2,24,24
1660735119733,CHEM 43A,A09,089754,Klosterman; Jeremy K,0,2,24,24
1660735119733,CHEM 43A,A10,089755,Klosterman; Jeremy K,0,2,24,24
1660735119733,CHEM 43A,A11,089756,Klosterman; Jeremy K,10,0,24,14
1660735119733,CHEM 43A,A12,089757,Klosterman; Jeremy K,0,0,0,0
1660735119733,CHEM 43A,A13,089758,Klosterman; Jeremy K,0,0,0,0
1660735119733,CHEM 43A,B01,089760,Klosterman; Jeremy K,0,0,0,0
1660735119733,CHEM 43A,B02,089761,Klosterman; Jeremy K,15,0,24,9
1660735119733,CHEM 43A,B03,089762,Klosterman; Jeremy K,0,1,24,24
1660735119733,CHEM 43A,B04,089763,Klosterman; Jeremy K,0,0,24,24
1660735119733,CHEM 43A,B05,089764,Klosterman; Jeremy K,0,0,24,24
1660735119733,CHEM 43A,B06,089765,Klosterman; Jeremy K,0,2,24,24
1660735119733,CHEM 43A,B07,089766,Klosterman; Jeremy K,0,0,24,24
1660735119733,CHEM 43A,B08,089767,Klosterman; Jeremy K,0,0,24,24
1660735119733,CHEM 43A,B09,089768,Klosterman; Jeremy K,0,0,24,24
1660735119733,CHEM 43A,B10,089769,Klosterman; Jeremy K,1,0,24,23
1660735119733,CHEM 43A,B11,089770,Klosterman; Jeremy K,0,1,24,24
1660735119733,CHEM 43A,B12,089771,Klosterman; Jeremy K,0,0,24,24
1660735120177,CHEM 87,A00,089772,Bussey; Thomas J,20,0,20,0
1660735120622,CHEM 96,A00,089773,Bussey; Thomas J,15,0,25,10
1660735121067,CHEM 100A,A01,089775,Pomeroy; Robert S.,0,2,24,24
1660735121067,CHEM 100A,A02,089776,Pomeroy; Robert S.,0,3,24,24
1660735121067,CHEM 100A,A03,089777,Pomeroy; Robert S.,0,5,24,24
1660735121067,CHEM 100A,A04,089778,Pomeroy; Robert S.,0,5,24,24
1660735121067,CHEM 100A,A05,089779,Pomeroy; Robert S.,0,3,24,24
1660735121067,CHEM 100A,A06,089780,Pomeroy; Robert S.,0,5,24,24
1660735121067,CHEM 100A,A07,089781,Pomeroy; Robert S.,0,0,0,0
1660735121520,CHEM 105A,A01,089783,Young; Mark,0,6,39,39
1660735121520,CHEM 105A,B01,089785,Young; Mark,0,4,39,39
1660735121981,CHEM 108,A01,089787,Ghosh; Gourisankar,0,5,22,22
1660735121981,CHEM 108,A02,089788,Ghosh; Gourisankar,0,5,22,22
1660735121981,CHEM 108,B01,089790,Ghosh; Gourisankar,0,1,22,22
1660735121981,CHEM 108,B02,089791,Ghosh; Gourisankar,0,2,22,22
1660735122442,CHEM 109,A01,089793,Hamaoka; Brent Y,0,5,22,23
1660735122442,CHEM 109,A02,089794,Hamaoka; Brent Y,0,5,22,22
1660735122442,CHEM 109,B01,089796,Hamaoka; Brent Y,0,3,22,22
1660735122442,CHEM 109,B02,089797,Hamaoka; Brent Y,0,3,22,23
1660735122901,CHEM 114A,A01,092855,Toor; Navtej,14,2,39,25
1660735122901,CHEM 114A,A02,092856,Toor; Navtej,15,0,40,25
1660735122901,CHEM 114A,A03,092857,Toor; Navtej,15,0,40,25
1660735122901,CHEM 114A,A04,092858,Toor; Navtej,15,1,40,25
1660735122901,CHEM 114A,A05,092859,Toor; Navtej,16,0,40,24
1660735122901,CHEM 114A,A06,092860,Toor; Navtej,15,0,40,25
1660735122901,CHEM 114A,A07,092861,Toor; Navtej,15,0,40,25
1660735122901,CHEM 114A,A08,092862,Toor; Navtej,15,1,40,25
1660735123357,CHEM 116,A01,092707,Ferguson; Fleur,0,0,56,56
1660735123357,CHEM 116,A02,094887,Ferguson; Fleur,0,0,53,53
1660735123813,CHEM 120A,A01,092785,Schimpf; Alina M,12,2,40,28
1660735123813,CHEM 120A,A02,092786,Schimpf; Alina M,12,0,40,28
1660735123813,CHEM 120A,A03,092787,Schimpf; Alina M,13,0,40,27
1660735123813,CHEM 120A,A04,092788,Schimpf; Alina M,12,0,40,28
1660735123813,CHEM 120A,A05,092789,Schimpf; Alina M,35,0,40,5
1660735123813,CHEM 120A,A06,092790,Schimpf; Alina M,0,0,0,0
1660735123813,CHEM 120A,A07,092791,Schimpf; Alina M,12,0,40,28
1660735123813,CHEM 120A,A08,092792,Schimpf; Alina M,0,0,0,0
1660735124270,CHEM 126A,A01,092768,Schoeneberg; Johannes,5,4,40,35
1660735124270,CHEM 126A,A02,092769,Schoeneberg; Johannes,5,1,40,35
1660735124270,CHEM 126A,A03,092770,Schoeneberg; Johannes,5,0,40,35
1660735124270,CHEM 126A,A04,092771,Schoeneberg; Johannes,0,0,0,0
1660735124270,CHEM 126A,A05,092772,Schoeneberg; Johannes,5,0,40,35
1660735124270,CHEM 126A,A06,092773,Schoeneberg; Johannes,5,1,40,35
1660735124727,CHEM 130,A01,092685,Sinha; Amitabha,2,5,40,38
1660735124727,CHEM 130,A02,092686,Sinha; Amitabha,2,3,40,38
1660735124727,CHEM 130,A03,092687,Sinha; Amitabha,2,2,40,38
1660735125173,CHEM 142,A00,089803,Esko; Jeffrey D. & Godula; Kamil,0,21,61,61
1660735125629,CHEM 143C,A01,089805,Ternansky; Robert J.,12,0,22,10
1660735125629,CHEM 143C,A02,089806,Ternansky; Robert J.,12,0,22,10
1660735125629,CHEM 143C,A03,089807,Ternansky; Robert J.,4,0,22,18
1660735125629,CHEM 143C,A04,089808,Ternansky; Robert J.,2,0,22,20
1660735126083,CHEM 152,A00,089809,Romero; Nathan A & Schmidt; Valerie A,0,3,40,40
1660735126532,CHEM 171,A01,092688,Slade; Jonathan,0,0,45,45
1660735126532,CHEM 171,A02,092689,Slade; Jonathan,6,0,45,39
1660735126532,CHEM 171,A03,092690,Slade; Jonathan,25,0,45,20
1660735126987,CHEM 186,A00,089811,Paesani; Francesco,0,0,15,15
1660735127440,CHIN 10AD,A01,086223,Staff,11,0,13,2
1660735127440,CHIN 10AD,A02,086224,Staff,10,0,13,3
1660735127440,CHIN 10AD,B01,086227,Staff,5,0,15,10
1660735127887,CHIN 10AM,A01,086230,Chen; Pei-Chia,6,0,16,10
1660735127887,CHIN 10AM,A02,086231,Chen; Pei-Chia,11,0,16,5
1660735128335,CHIN 10AN,A01,086234,Xu; Li,10,0,14,4
1660735128335,CHIN 10AN,A02,086235,Xu; Li,3,0,14,11
1660735128335,CHIN 10AN,B01,086240,Xu; Li,1,0,14,13
1660735128335,CHIN 10AN,B02,086242,Xu; Li,0,0,0,0
1660735128335,CHIN 10AN,C01,086245,Xu; Li,11,0,14,3
1660735128335,CHIN 10AN,C02,086246,Xu; Li,11,0,14,3
1660735128796,CHIN 20AD,A01,086248,Wang; Xiao,7,0,14,7
1660735128796,CHIN 20AD,A02,086249,Wang; Xiao,3,0,14,11
1660735128796,CHIN 20AD,B01,086251,Wang; Xiao,0,0,14,14
1660735128796,CHIN 20AD,B02,086252,Wang; Xiao,8,0,14,6
1660735129241,CHIN 20AM,A01,086254,Wang; Xiao,1,0,14,13
1660735129241,CHIN 20AM,A02,086255,Wang; Xiao,4,0,14,10
1660735129241,CHIN 20AM,B01,086257,Staff,8,0,15,7
1660735129694,CHIN 20AN,A01,086259,Anderson; Qin-Hong,2,0,12,10
1660735129694,CHIN 20AN,A02,086260,Anderson; Qin-Hong,2,0,12,10
1660735129694,CHIN 20AN,A03,086261,Anderson; Qin-Hong,0,1,0,0
1660735129694,CHIN 20AN,B01,086263,Anderson; Qin-Hong,8,0,13,5
1660735129694,CHIN 20AN,B02,086264,Anderson; Qin-Hong,7,0,13,6
1660735130139,CHIN 100AM,A00,086265,Anderson; Qin-Hong,10,0,20,10
1660735130593,CHIN 100AN,A00,086266,Chen; Pei-Chia,6,0,20,14
1660735131038,CHIN 185A,A00,086268,Staff,13,0,20,7
1660735131497,COGS 1,A01,087834,Barrera; Steven James,0,1,60,60
1660735131497,COGS 1,A02,087835,Barrera; Steven James,0,1,60,60
1660735131497,COGS 1,A03,087836,Barrera; Steven James,0,1,60,60
1660735131497,COGS 1,A04,087837,Barrera; Steven James,1,0,60,59
1660735131497,COGS 1,A05,087838,Barrera; Steven James,0,1,60,60
1660735131497,COGS 1,A06,087839,Barrera; Steven James,0,2,60,60
1660735131497,COGS 1,A07,087840,Barrera; Steven James,0,2,57,57
1660735131944,COGS 2,A01,087842,Boyle; Mary E. T.,0,1,64,64
1660735131944,COGS 2,A02,087843,Boyle; Mary E. T.,21,0,64,43
1660735131944,COGS 2,A03,087844,Boyle; Mary E. T.,41,0,64,23
1660735132399,COGS 3,A01,094312,Boyle; Mary E. T.,0,2,35,35
1660735132399,COGS 3,A02,094313,Boyle; Mary E. T.,0,2,35,35
1660735132399,COGS 3,A03,094314,Boyle; Mary E. T.,0,2,35,35
1660735132399,COGS 3,A04,094315,Boyle; Mary E. T.,0,2,35,35
1660735132399,COGS 3,A05,094316,Boyle; Mary E. T.,0,2,35,35
1660735132848,COGS 8,A01,087846,Staff,0,0,0,17
1660735133303,COGS 9,A01,106334,Staff,60,0,60,0
1660735133303,COGS 9,A02,106335,Staff,60,0,60,0
1660735133303,COGS 9,A03,106336,Staff,60,0,60,0
1660735133303,COGS 9,A04,106337,Staff,60,0,60,0
1660735133303,COGS 9,A05,106338,Staff,60,0,60,0
1660735133749,COGS 10,A01,094357,Hollan; James D.,0,0,60,60
1660735133749,COGS 10,A02,094358,Hollan; James D.,0,0,60,60
1660735133749,COGS 10,A03,094359,Hollan; James D.,13,0,60,47
1660735133749,COGS 10,A04,094360,Hollan; James D.,43,0,60,17
1660735133749,COGS 10,A05,094361,Hollan; James D.,51,0,60,9
1660735134202,COGS 11,A01,087848,Boyle; Mary E. T.,0,0,47,47
1660735134202,COGS 11,A02,087849,Boyle; Mary E. T.,25,0,47,22
1660735134202,COGS 11,A03,087850,Boyle; Mary E. T.,18,0,46,28
1660735135106,COGS 14A,A01,087857,Creel; Sarah,0,9,65,65
1660735135106,COGS 14A,A02,087858,Creel; Sarah,0,5,65,65
1660735135106,COGS 14A,A03,087859,Creel; Sarah,0,5,65,65
1660735135106,COGS 14A,A04,087860,Creel; Sarah,0,8,65,65
1660735135550,COGS 14B,A01,087862,Hoffman; Drew Ellen,0,2,59,59
1660735135550,COGS 14B,A02,087863,Hoffman; Drew Ellen,0,3,44,44
1660735135550,COGS 14B,A03,087864,Hoffman; Drew Ellen,0,1,50,50
1660735135996,COGS 15,A01,087866,Bergen; Benjamin,53,0,60,7
1660735135996,COGS 15,A02,087867,Bergen; Benjamin,29,0,60,31
1660735136441,COGS 17,A01,087869,Johnson; Christine M.,0,0,50,55
1660735136441,COGS 17,A02,087870,Johnson; Christine M.,1,0,50,49
1660735136441,COGS 17,A03,087871,Johnson; Christine M.,0,1,50,57
1660735136441,COGS 17,A04,087872,Johnson; Christine M.,38,0,50,12
1660735136441,COGS 17,A05,087873,Johnson; Christine M.,40,0,50,10
1660735136441,COGS 17,A06,087874,Johnson; Christine M.,23,0,50,27
1660735136896,COGS 18,A01,087876,Fleischer; Jason G,0,5,35,35
1660735136896,COGS 18,A02,087877,Fleischer; Jason G,0,5,35,35
1660735136896,COGS 18,A03,087878,Fleischer; Jason G,0,6,35,35
1660735136896,COGS 18,A04,087879,Fleischer; Jason G,0,5,35,35
1660735136896,COGS 18,A05,087880,Fleischer; Jason G,0,5,35,35
1660735136896,COGS 18,A06,087881,Fleischer; Jason G,0,4,35,35
1660735136896,COGS 18,A07,087882,Fleischer; Jason G,0,3,35,35
1660735136896,COGS 18,A08,087883,Fleischer; Jason G,0,5,35,35
1660735136896,COGS 18,A09,087884,Fleischer; Jason G,0,4,35,35
1660735137360,COGS 20,A01,090761,Borgo; David Garcia,0,0,5,5
1660735137360,COGS 20,A02,090762,Borgo; David Garcia,0,0,5,5
1660735137360,COGS 20,A03,090763,Borgo; David Garcia,0,1,5,5
1660735137813,COGS 87,A00,087885,Deak; Gedeon O.,0,0,0,2
1660735137813,COGS 87,B00,087886,Fleischer; Jason G,15,0,20,5
1660735138269,COGS 100,A01,087892,Kirsh; David Joel,0,2,60,60
1660735138269,COGS 100,A02,087893,Kirsh; David Joel,0,3,60,60
1660735138269,COGS 100,A03,087894,Kirsh; David Joel,0,4,60,60
1660735138269,COGS 100,A04,087895,Kirsh; David Joel,0,1,60,60
1660735138269,COGS 100,A05,087896,Kirsh; David Joel,0,3,60,60
1660735138714,COGS 101A,A01,087898,Hoffman; Drew Ellen,0,5,60,60
1660735138714,COGS 101A,A02,087899,Hoffman; Drew Ellen,0,5,60,60
1660735138714,COGS 101A,A03,087900,Hoffman; Drew Ellen,0,4,60,60
1660735138714,COGS 101A,A04,087901,Hoffman; Drew Ellen,0,3,44,44
1660735138714,COGS 101A,A05,087902,Hoffman; Drew Ellen,0,3,14,14
1660735138714,COGS 101A,A06,087903,Hoffman; Drew Ellen,0,4,55,55
1660735139158,COGS 101B,A01,087905,Barrera; Steven James,0,11,60,60
1660735139158,COGS 101B,A02,087906,Barrera; Steven James,0,10,60,60
1660735139158,COGS 101B,A03,087907,Barrera; Steven James,0,10,60,60
1660735139630,COGS 101C,A01,094240,Cooperrider; Kensy A,28,0,75,47
1660735139630,COGS 101C,A02,094241,Cooperrider; Kensy A,43,0,75,32
1660735140084,COGS 102A,A01,087909,Scott; Taylor Jackson,0,9,0,60
1660735140084,COGS 102A,A02,087910,Scott; Taylor Jackson,0,8,0,60
1660735140530,COGS 107A,A01,087912,Rangel; Lara M,0,10,60,60
1660735140530,COGS 107A,A02,087913,Rangel; Lara M,0,11,60,60
1660735140530,COGS 107A,A03,087914,Rangel; Lara M,0,9,60,60
1660735140530,COGS 107A,A04,087915,Rangel; Lara M,0,10,60,60
1660735140530,COGS 107A,A05,087916,Rangel; Lara M,0,11,60,60
1660735140530,COGS 107A,A06,087917,Rangel; Lara M,0,11,60,60
1660735140974,COGS 108,A01,087919,Fleischer; Jason G,0,24,60,60
1660735140974,COGS 108,A02,087920,Fleischer; Jason G,0,27,60,60
1660735140974,COGS 108,A03,087921,Fleischer; Jason G,0,26,60,60
1660735140974,COGS 108,A04,087922,Fleischer; Jason G,0,26,60,60
1660735140974,COGS 108,A05,087923,Fleischer; Jason G,0,27,60,61
1660735140974,COGS 108,A06,087924,Fleischer; Jason G,0,24,60,60
1660735140974,COGS 108,A07,087925,Fleischer; Jason G,0,26,57,57
1660735141420,COGS 110,A01,087927,Deak; Gedeon O.,0,0,35,35
1660735141420,COGS 110,A02,087928,Deak; Gedeon O.,10,0,35,25
1660735141866,COGS 116,A01,094228,Greene; Deanna Jacquelyn,42,0,52,10
1660735141866,COGS 116,A02,094229,Greene; Deanna Jacquelyn,36,0,52,16
1660735141866,COGS 116,A03,094230,Greene; Deanna Jacquelyn,40,0,52,12
1660735142421,COGS 118B,A01,087930,De Sa; Virginia,2,0,35,33
1660735142421,COGS 118B,A02,087931,De Sa; Virginia,11,0,35,24
1660735142421,COGS 118B,A03,087932,De Sa; Virginia,0,0,35,35
1660735142421,COGS 118B,A04,087933,De Sa; Virginia,17,0,35,18
1660735142421,COGS 118B,A05,087934,De Sa; Virginia,6,0,35,29
1660735142421,COGS 118B,A06,087935,De Sa; Virginia,5,0,35,30
1660735142873,COGS 120,A01,087937,Xia; Haijun,0,12,50,50
1660735142873,COGS 120,A02,087938,Xia; Haijun,0,12,50,50
1660735142873,COGS 120,A03,087939,Xia; Haijun,0,10,50,50
1660735142873,COGS 120,A04,087940,Xia; Haijun,0,13,50,50
1660735143325,COGS 128,A01,087944,Scott; Taylor Jackson,0,30,0,56
1660735143770,COGS 143,A01,087947,Johnson; Christine M.,0,10,40,40
1660735144681,COGS 160,A00,087950,Deak; Gedeon O.,20,0,20,0
1660735144681,COGS 160,B00,094232,Saygin; Ayse P,0,0,0,4
1660735145125,COGS 175,A01,094238,Staff,0,21,0,39
1660735145568,COGS 187A,A01,087958,Kirsh; David Joel,0,11,50,50
1660735145568,COGS 187A,A02,087959,Kirsh; David Joel,0,16,50,50
1660735145568,COGS 187A,A03,087960,Kirsh; David Joel,0,14,45,45
1660735146012,COGS 190A,A00,087961,Staff,9999,0,9999,0
1660735146464,COGS 194,A00,087962,Hill; Seth J,9999,0,9999,0
1660735146916,COGS 197,001,103785,Fleischer; Jason G,9998,0,9999,1
1660735147367,COMM 10,A02,090628,Schmidt; Thomas Rainer,15,5,20,5
1660735147367,COMM 10,A03,090629,Schmidt; Thomas Rainer,15,4,20,5
1660735147367,COMM 10,A04,090630,Schmidt; Thomas Rainer,15,5,20,5
1660735147367,COMM 10,A05,090631,Schmidt; Thomas Rainer,15,3,20,5
1660735147367,COMM 10,A06,090632,Schmidt; Thomas Rainer,15,5,20,5
1660735147367,COMM 10,A07,090633,Schmidt; Thomas Rainer,15,4,20,5
1660735147367,COMM 10,A08,090634,Schmidt; Thomas Rainer,15,4,20,5
1660735147367,COMM 10,A09,090635,Schmidt; Thomas Rainer,15,3,20,5
1660735147367,COMM 10,A10,090636,Schmidt; Thomas Rainer,15,4,20,5
1660735147367,COMM 10,A11,090637,Schmidt; Thomas Rainer,15,4,20,5
1660735147367,COMM 10,A12,094013,Schmidt; Thomas Rainer,15,6,20,5
1660735147367,COMM 10,A13,094014,Schmidt; Thomas Rainer,15,3,20,5
1660735147367,COMM 10,A14,094015,Schmidt; Thomas Rainer,15,3,20,5
1660735147367,COMM 10,A15,094016,Schmidt; Thomas Rainer,15,4,20,5
1660735147811,COMM 20,A01,095672,Staff,39,0,48,9
1660735148271,COMM 100A,A01,090639,Irani; Lilly C,15,3,20,5
1660735148271,COMM 100A,A02,090640,Irani; Lilly C,15,2,20,5
1660735148271,COMM 100A,A03,090641,Irani; Lilly C,15,2,20,5
1660735148271,COMM 100A,A04,090642,Irani; Lilly C,15,3,20,5
1660735148271,COMM 100A,A05,090643,Irani; Lilly C,15,4,20,5
1660735148271,COMM 100A,A06,090644,Irani; Lilly C,15,4,20,5
1660735148271,COMM 100A,A07,090645,Irani; Lilly C,15,2,20,5
1660735148271,COMM 100A,A08,090646,Irani; Lilly C,15,2,20,5
1660735148271,COMM 100A,A09,090647,Irani; Lilly C,15,2,20,5
1660735148271,COMM 100A,A10,090648,Irani; Lilly C,15,2,20,5
1660735148271,COMM 100A,A11,090649,Irani; Lilly C,15,2,20,5
1660735148271,COMM 100A,A12,090650,Irani; Lilly C,15,3,20,5
1660735148716,COMM 101,A01,090652,Halm; Gavin Patrick,0,3,15,15
1660735148716,COMM 101,A02,090653,Halm; Gavin Patrick,0,5,15,15
1660735148716,COMM 101,A03,090654,Halm; Gavin Patrick,0,3,15,15
1660735148716,COMM 101,A04,090655,Halm; Gavin Patrick,0,3,15,15
1660735149168,COMM 101D,A00,090656,Halm; Gavin Patrick,0,6,15,15
1660735149612,COMM 101K,A00,090657,Ahn; Patricia Jeehyun,0,13,20,20
1660735150056,COMM 101T,A00,093701,Staff,2,0,20,18
1660735150504,COMM 102C,A01,090660,Staff,0,3,6,6
1660735150504,COMM 102C,A02,090661,Staff,0,2,6,6
1660735150504,COMM 102C,A03,090662,Staff,0,1,6,6
1660735150949,COMM 103D,A00,090663,Davis; Zeinabu I.,5,5,45,40
1660735151393,COMM 106E,A00,090667,Geiger; Richard Stuart,0,5,30,30
1660735151851,COMM 106G,A00,090668,Cordoba Azcarate; Matilde,8,8,38,30
1660735152306,COMM 108G,A00,090670,Walkover; Lillian B,16,0,30,14
1660735152752,COMM 109I,A00,090671,Tanaka; Stefan A.,17,0,30,13
1660735153199,COMM 109N,A00,094205,Hallin; Daniel C,1,6,31,30
1660735153643,COMM 110G,A00,090672,Whitworth-Smith; Andrew C,0,11,50,50
1660735154092,COMM 111P,A00,090673,Conner; Thomas Hartnell,0,3,30,30
1660735154981,COMM 113T,A00,095723,Abuelhiga; Soraya Jill,10,0,30,20
1660735155426,COMM 124A,A00,090677,Sims; Christopher O,0,1,80,80
1660735155876,COMM 131,A00,090678,Fields; Gary,1,5,26,25
1660735156327,COMM 134,A00,090679,Kidman; Shawna F,5,13,30,25
1660735156771,COMM 146,A00,090680,Staff,1,1,26,25
1660735157216,COMM 166,A00,094493,Staff,1,4,26,25
1660735157663,COMM 172,A00,094066,Staff,9,0,25,16
1660735158112,COMM 182,A00,094063,Staff,9,0,25,16
1660735158569,COMM 190,A00,090686,Zilberg; Elana,4,4,21,17
1660735158569,COMM 190,B00,090687,Irani; Lilly C,3,0,23,20
1660735158569,COMM 190,C00,090688,Keith; Kerry,9,0,23,14
1660735159019,COMM 194,A00,091600,Hill; Seth J,9999,0,9999,0
1660735159471,COMM 196A,A00,090690,Schmidt; Thomas Rainer,0,0,0,9
1660735159958,COMM 198,001,091397,Ahn; Patricia Jeehyun,9999,0,9999,0
1660735159958,COMM 198,002,091398,Alac; Morana,9999,0,9999,0
1660735159958,COMM 198,003,091399,Anderson; Patrick W.,9999,0,9999,0
1660735159958,COMM 198,004,091400,Boateng; Boatema,9999,0,9999,0
1660735159958,COMM 198,005,091401,Booker; Angela N,9999,0,9999,0
1660735159958,COMM 198,008,091402,Cordoba Azcarate; Matilde,9999,0,9999,0
1660735159958,COMM 198,009,091403,Davis; Zeinabu I.,9999,0,9999,0
1660735159958,COMM 198,010,091404,Dewaard; Andrew Michael,9999,0,9999,0
1660735159958,COMM 198,011,091405,Dominguez Rubio; Fernando,9999,0,9999,0
1660735159958,COMM 198,012,091406,Fattal; Alexander Leor,9999,0,9999,0
1660735159958,COMM 198,013,091407,Fields; Gary,9999,0,9999,0
1660735159958,COMM 198,014,091408,Gates; Kelly,9999,0,9999,0
1660735159958,COMM 198,015,091409,Goldfarb; Brian,9999,0,9999,0
1660735159958,COMM 198,018,091410,Hill; Erin Truesdell,9999,0,9999,0
1660735159958,COMM 198,019,091411,Horwitz; Robert B,9999,0,9999,0
1660735159958,COMM 198,021,091412,Irani; Lilly C,9999,0,9999,0
1660735159958,COMM 198,022,091413,Jack; Caroline Sarah,9999,0,9999,0
1660735159958,COMM 198,023,091414,Kidman; Shawna F,9999,0,9999,0
1660735159958,COMM 198,024,091415,Martinico; Daniel J,9999,0,9999,0
1660735159958,COMM 198,026,091416,Schmidt; Thomas Rainer,9999,0,9999,0
1660735159958,COMM 198,027,091417,Serlin; David,9999,0,9999,0
1660735159958,COMM 198,028,091418,Sims; Christopher O,9999,0,9999,0
1660735159958,COMM 198,029,091419,Tanaka; Stefan A.,9999,0,9999,0
1660735159958,COMM 198,030,091420,Zilberg; Elana,9999,0,9999,0
1660735159958,COMM 198,031,091421,Walkover; Lillian B,9999,0,9999,0
1660735159958,COMM 198,032,091422,Geiger; Richard Stuart,9999,0,9999,0
1660735160441,CSE 8A,A50,089985,Soosai Raj; Adalbert Geral,0,10,10,11
1660735160441,CSE 8A,A51,089986,Soosai Raj; Adalbert Geral,0,10,10,10
1660735160441,CSE 8A,A52,089987,Soosai Raj; Adalbert Geral,0,9,10,10
1660735160441,CSE 8A,A53,089988,Soosai Raj; Adalbert Geral,0,10,10,12
1660735160441,CSE 8A,B50,089990,Soosai Raj; Adalbert Geral,0,11,10,10
1660735160441,CSE 8A,B51,089991,Soosai Raj; Adalbert Geral,0,10,10,10
1660735160441,CSE 8A,B52,089992,Soosai Raj; Adalbert Geral,0,10,10,10
1660735160441,CSE 8A,B53,089993,Soosai Raj; Adalbert Geral,0,8,10,10
1660735160441,CSE 8A,C50,089995,Lerner; Sorin,0,10,10,10
1660735160441,CSE 8A,C51,089996,Lerner; Sorin,0,10,10,10
1660735160441,CSE 8A,C52,089997,Lerner; Sorin,0,9,10,10
1660735160441,CSE 8A,C53,089998,Lerner; Sorin,1,9,10,9
1660735160886,CSE 8B,A01,090000,Ochoa; Benjamin Lawrence,0,19,100,100
1660735161362,CSE 11,A01,090002,Cao; Yingjun,0,29,49,49
1660735161362,CSE 11,B01,090004,Cao; Yingjun,0,34,49,49
1660735161362,CSE 11,C01,090006,Cao; Yingjun,0,37,49,49
1660735161815,CSE 12,A01,090008,Miranda; Gregory Joseph,0,19,73,73
1660735161815,CSE 12,B01,090010,Miranda; Gregory Joseph,0,19,73,74
1660735161815,CSE 12,C01,090012,Miranda; Gregory Joseph,0,24,73,79
1660735162268,CSE 15L,A01,090014,Politz; Joseph Gibbs,0,17,10,12
1660735162268,CSE 15L,A02,090015,Politz; Joseph Gibbs,0,14,10,10
1660735162268,CSE 15L,A03,090016,Politz; Joseph Gibbs,0,14,10,10
1660735162268,CSE 15L,A04,090017,Politz; Joseph Gibbs,0,14,10,11
1660735162268,CSE 15L,A05,090018,Politz; Joseph Gibbs,0,13,10,10
1660735162268,CSE 15L,B01,090020,Politz; Joseph Gibbs,0,14,10,13
1660735162268,CSE 15L,B02,090021,Politz; Joseph Gibbs,0,15,10,10
1660735162268,CSE 15L,B03,090022,Politz; Joseph Gibbs,0,13,10,11
1660735162268,CSE 15L,B04,090023,Politz; Joseph Gibbs,0,16,10,11
1660735162268,CSE 15L,B05,090024,Politz; Joseph Gibbs,0,15,10,10
1660735162713,CSE 20,A01,090026,Staff,64,0,210,146
1660735163170,CSE 21,A01,090028,Impagliazzo; Russell,0,11,90,90
1660735163170,CSE 21,A02,094488,Impagliazzo; Russell,0,11,90,96
1660735163170,CSE 21,A03,094489,Impagliazzo; Russell,0,11,90,90
1660735163627,CSE 30,A01,092463,Muller; P Keith,0,43,100,130
1660735163627,CSE 30,A02,092464,Muller; P Keith,0,42,100,110
1660735163627,CSE 30,B01,095674,Chin; Bryan W.,0,11,108,108
1660735164087,CSE 87,A00,094193,Moshiri; Alexander Niema,20,0,20,0
1660735164087,CSE 87,B00,096601,Cottrell; Garrison W,20,0,20,0
1660735164540,CSE 91,A00,096759,Minnes Kemp; Mor Mia,75,0,75,0
1660735164540,CSE 91,B00,096761,Minnes Kemp; Mor Mia,72,0,75,3
1660735164540,CSE 91,C00,096763,Minnes Kemp; Mor Mia,75,0,75,0
1660735164986,CSE 95,A00,090030,Minnes Kemp; Mor Mia,35,0,35,0
1660735164986,CSE 95,B00,093883,Minnes Kemp; Mor Mia,35,0,35,0
1660735164986,CSE 95,C00,093885,Minnes Kemp; Mor Mia,35,0,35,0
1660735165437,CSE 100,A01,090033,Moshiri; Alexander Niema,0,9,189,189
1660735165883,CSE 100R,A01,093837,Moshiri; Alexander Niema,157,0,350,193
1660735166329,CSE 101,A01,090035,Saha; Barna & Jones; Miles E,0,25,395,395
1660735166787,CSE 103,A01,090037,Freund; Yoav,0,7,75,75
1660735167234,CSE 105,A01,090039,Micciancio; Daniele,85,0,350,265
1660735167684,CSE 106,A50,090042,Paturi; Ramamohan,0,1,30,30
1660735168134,CSE 107,A01,090044,Bellare; Mihir,18,0,120,102
1660735168588,CSE 110,A50,090047,Powell; Thomas Allan,0,0,50,50
1660735168588,CSE 110,A51,090048,Powell; Thomas Allan,0,1,50,50
1660735168588,CSE 110,A52,090049,Powell; Thomas Allan,1,0,50,49
1660735168588,CSE 110,A53,090050,Powell; Thomas Allan,1,0,50,49
1660735168588,CSE 110,A54,090051,Powell; Thomas Allan,0,4,50,50
1660735168588,CSE 110,A55,090052,Powell; Thomas Allan,14,0,50,36
1660735168588,CSE 110,A56,090053,Powell; Thomas Allan,18,0,50,32
1660735168588,CSE 110,A57,090054,Powell; Thomas Allan,0,1,45,45
1660735169045,CSE 118,A00,094897,Weibel; Nadir,15,0,25,10
1660735169494,CSE 120,A01,090056,Voelker; Geoffrey M.,74,0,300,226
1660735169945,CSE 124,A01,090058,Porter; George M,0,5,189,189
1660735170395,CSE 127,A01,090060,Savage; Stefan,0,20,189,189
1660735170840,CSE 130,A01,090062,Staff,61,0,189,128
1660735171288,CSE 132A,A01,090064,Deutsch; Alin Bernard,0,75,196,196
1660735171738,CSE 140,A01,090068,Eldon; John,13,0,196,183
1660735171738,CSE 140,B01,090070,Orailoglu; Alex,27,0,49,22
1660735172184,CSE 140L,A01,090072,Eldon; John,8,0,192,184
1660735172184,CSE 140L,B01,090075,Orailoglu; Alex,22,0,49,27
1660735172631,CSE 142,A01,090078,Porter; Leonard Emerson,32,0,146,114
1660735172631,CSE 142,B01,090080,Porter; Leonard Emerson,44,0,146,102
1660735173075,CSE 142L,A01,090082,Swanson; Steven James,0,5,146,146
1660735173075,CSE 142L,B01,090084,Swanson; Steven James,58,0,146,88
1660735173523,CSE 151B,A01,090088,Cottrell; Garrison W,68,0,328,260
1660735173975,CSE 152A,A01,090090,Chandraker; Manmohan Krishna,0,41,189,189
1660735174436,CSE 158,A01,090092,McAuley; Julian John,0,27,197,197
1660735174880,CSE 158R,A01,090094,McAuley; Julian John,43,0,353,310
1660735175330,CSE 167,A01,090096,Chern; Albert Ren-Haur,41,0,189,148
1660735175777,CSE 170,A01,090098,Vaccaro; Kristen Marie,13,0,20,7
1660735175777,CSE 170,A02,090099,Vaccaro; Kristen Marie,4,0,20,16
1660735175777,CSE 170,A03,090100,Vaccaro; Kristen Marie,0,1,20,20
1660735175777,CSE 170,A04,090101,Vaccaro; Kristen Marie,3,0,20,17
1660735175777,CSE 170,A05,090102,Vaccaro; Kristen Marie,13,0,20,7
1660735176224,CSE 190,A00,090103,Shalev; Aaron D,25,0,40,15
1660735176224,CSE 190,B00,090104,Vaccaro; Kristen Marie,79,0,100,21
1660735176224,CSE 190,C00,090105,Pannuto; Patrick William,9,0,25,16
1660735176669,CSE 191,A00,093848,Minnes Kemp; Mor Mia,9999,0,9999,0
1660735177114,CSE 193,A01,090107,Elsherif; May Elhussein,49,0,49,0
1660735177558,CSE 194,A01,090109,Munyaka; Imani N. S.,0,22,49,52
1660735178005,CSE 197,001,095668,Minnes Kemp; Mor Mia,9961,0,9999,38
1660735178451,CSS 1,A01,086486,Staff,6,5,30,24
1660735178451,CSS 1,A02,086487,Staff,6,5,30,24
1660735178451,CSS 1,A03,086488,Staff,6,7,30,24
1660735178451,CSS 1,A04,086489,Staff,6,6,30,24
1660735178955,DOC 1,A01,086773,Solomon; Amanda Lee Albaniel,10,0,10,0
1660735178955,DOC 1,A02,086774,Solomon; Amanda Lee Albaniel,10,0,10,0
1660735178955,DOC 1,A03,086775,Solomon; Amanda Lee Albaniel,6,0,12,6
1660735178955,DOC 1,A04,086776,Solomon; Amanda Lee Albaniel,6,0,12,6
1660735178955,DOC 1,A05,086777,Solomon; Amanda Lee Albaniel,6,0,12,6
1660735178955,DOC 1,A06,086778,Solomon; Amanda Lee Albaniel,6,0,12,6
1660735178955,DOC 1,A07,086779,Solomon; Amanda Lee Albaniel,6,0,12,6
1660735178955,DOC 1,A08,086849,Solomon; Amanda Lee Albaniel,6,0,12,6
1660735178955,DOC 1,A09,086780,Solomon; Amanda Lee Albaniel,7,0,12,5
1660735178955,DOC 1,A10,086781,Solomon; Amanda Lee Albaniel,8,0,12,4
1660735178955,DOC 1,A11,086782,Solomon; Amanda Lee Albaniel,7,0,12,5
1660735178955,DOC 1,A12,086783,Solomon; Amanda Lee Albaniel,8,0,12,4
1660735178955,DOC 1,A13,086784,Solomon; Amanda Lee Albaniel,6,0,12,6
1660735178955,DOC 1,A14,086785,Solomon; Amanda Lee Albaniel,12,0,12,0
1660735178955,DOC 1,A15,086786,Solomon; Amanda Lee Albaniel,9,0,12,3
1660735178955,DOC 1,A16,086787,Solomon; Amanda Lee Albaniel,6,0,12,6
1660735178955,DOC 1,A17,086788,Solomon; Amanda Lee Albaniel,12,0,12,0
1660735178955,DOC 1,A18,086789,Solomon; Amanda Lee Albaniel,12,0,12,0
1660735178955,DOC 1,A19,106422,Solomon; Amanda Lee Albaniel,0,0,0,0
1660735178955,DOC 1,A20,106423,Solomon; Amanda Lee Albaniel,0,0,0,0
1660735178955,DOC 1,B01,086791,Solomon; Amanda Lee Albaniel,11,0,12,1
1660735178955,DOC 1,B02,086792,Solomon; Amanda Lee Albaniel,10,0,12,2
1660735178955,DOC 1,B03,086793,Solomon; Amanda Lee Albaniel,11,0,12,1
1660735178955,DOC 1,B04,086794,Solomon; Amanda Lee Albaniel,6,0,12,6
1660735178955,DOC 1,B05,086795,Solomon; Amanda Lee Albaniel,6,0,12,6
1660735178955,DOC 1,B06,086796,Solomon; Amanda Lee Albaniel,6,0,12,6
1660735178955,DOC 1,B07,086797,Solomon; Amanda Lee Albaniel,6,0,12,6
1660735178955,DOC 1,B08,086798,Solomon; Amanda Lee Albaniel,6,0,12,6
1660735178955,DOC 1,B09,086799,Solomon; Amanda Lee Albaniel,6,0,12,6
1660735178955,DOC 1,B10,086800,Solomon; Amanda Lee Albaniel,6,0,12,6
1660735178955,DOC 1,B11,086801,Solomon; Amanda Lee Albaniel,11,0,12,1
1660735178955,DOC 1,B12,086802,Solomon; Amanda Lee Albaniel,11,0,12,1
1660735178955,DOC 1,B13,086803,Solomon; Amanda Lee Albaniel,11,0,12,1
1660735178955,DOC 1,B14,086804,Solomon; Amanda Lee Albaniel,6,0,12,6
1660735178955,DOC 1,B15,086805,Solomon; Amanda Lee Albaniel,6,0,12,6
1660735178955,DOC 1,B16,086806,Solomon; Amanda Lee Albaniel,6,0,12,6
1660735178955,DOC 1,B17,086807,Solomon; Amanda Lee Albaniel,12,0,12,0
1660735178955,DOC 1,B18,086808,Solomon; Amanda Lee Albaniel,12,0,12,0
1660735178955,DOC 1,C01,086810,Strom; Megan C.,11,0,12,1
1660735178955,DOC 1,C02,086811,Strom; Megan C.,9,0,12,3
1660735178955,DOC 1,C03,086812,Strom; Megan C.,6,0,12,6
1660735178955,DOC 1,C04,086813,Strom; Megan C.,6,0,12,6
1660735178955,DOC 1,C05,086814,Strom; Megan C.,8,0,12,4
1660735178955,DOC 1,C06,086815,Strom; Megan C.,6,0,12,6
1660735178955,DOC 1,C07,086816,Strom; Megan C.,7,0,12,5
1660735178955,DOC 1,C08,086817,Strom; Megan C.,6,0,12,6
1660735178955,DOC 1,C09,086818,Strom; Megan C.,6,0,12,6
1660735178955,DOC 1,C10,086819,Strom; Megan C.,6,0,12,6
1660735178955,DOC 1,C11,086820,Strom; Megan C.,11,0,12,1
1660735178955,DOC 1,C12,086821,Strom; Megan C.,11,0,12,1
1660735178955,DOC 1,C13,086822,Strom; Megan C.,11,0,12,1
1660735178955,DOC 1,C14,086823,Strom; Megan C.,6,0,12,6
1660735178955,DOC 1,C15,086824,Strom; Megan C.,7,0,12,5
1660735178955,DOC 1,C16,086825,Strom; Megan C.,6,0,12,6
1660735178955,DOC 1,C17,086826,Strom; Megan C.,12,0,12,0
1660735178955,DOC 1,C18,086827,Strom; Megan C.,12,0,12,0
1660735178955,DOC 1,D01,086829,Strom; Megan C.,7,0,12,5
1660735178955,DOC 1,D02,086830,Strom; Megan C.,9,0,12,3
1660735178955,DOC 1,D03,086831,Strom; Megan C.,6,0,12,6
1660735178955,DOC 1,D04,086832,Strom; Megan C.,6,0,12,6
1660735178955,DOC 1,D05,086833,Strom; Megan C.,8,0,12,4
1660735178955,DOC 1,D06,086834,Strom; Megan C.,10,0,12,2
1660735178955,DOC 1,D07,086835,Strom; Megan C.,10,0,12,2
1660735178955,DOC 1,D08,086836,Strom; Megan C.,10,0,12,2
1660735178955,DOC 1,D09,086837,Strom; Megan C.,0,0,0,0
1660735178955,DOC 1,D10,086838,Strom; Megan C.,0,0,0,0
1660735178955,DOC 1,D11,086839,Strom; Megan C.,7,0,12,5
1660735178955,DOC 1,D12,086840,Strom; Megan C.,11,0,12,1
1660735178955,DOC 1,D13,086841,Strom; Megan C.,9,0,12,3
1660735178955,DOC 1,D14,086842,Strom; Megan C.,11,0,12,1
1660735178955,DOC 1,D15,086843,Strom; Megan C.,7,0,12,5
1660735178955,DOC 1,D16,086844,Strom; Megan C.,6,0,12,6
